MP_URL,accessibleAt_status,checked_URLs,persistentId
https://marketplace.sshopencloud.eu/tool-or-service/kAkzuz,403.0,['https://www.3dreshaper.com/en/'],kAkzuz
https://marketplace.sshopencloud.eu/tool-or-service/zrfCly,,[],zrfCly
https://marketplace.sshopencloud.eu/tool-or-service/qbhnQw,503.0,['https://a360.autodesk.com/'],qbhnQw
https://marketplace.sshopencloud.eu/tool-or-service/LtXDGc,,[],LtXDGc
https://marketplace.sshopencloud.eu/tool-or-service/KdAfc6,,[],KdAfc6
https://marketplace.sshopencloud.eu/tool-or-service/nMm0wM,,[],nMm0wM
https://marketplace.sshopencloud.eu/tool-or-service/U6hzqf,,[],U6hzqf
https://marketplace.sshopencloud.eu/tool-or-service/Tpi8KE,,[],Tpi8KE
https://marketplace.sshopencloud.eu/tool-or-service/usExJA,,[],usExJA
https://marketplace.sshopencloud.eu/tool-or-service/aeQ2f6,,[],aeQ2f6
https://marketplace.sshopencloud.eu/tool-or-service/57QHiH,,[],57QHiH
https://marketplace.sshopencloud.eu/tool-or-service/5A70DH,,[],5A70DH
https://marketplace.sshopencloud.eu/tool-or-service/tGoSxj,503.0,['https://market.ai4publicpolicy.eu/'],tGoSxj
https://marketplace.sshopencloud.eu/tool-or-service/knCcCv,408.0,['http://www.aioli.cloud'],knCcCv
https://marketplace.sshopencloud.eu/tool-or-service/uSC7Hh,500.0,['https://concordance.webclark.org/'],uSC7Hh
https://marketplace.sshopencloud.eu/tool-or-service/8MeMkv,408.0,"['https://fnp.huma-num.fr/aws/app/9edf82be-5a25-11eb-91f3-dfc85aa511ba/index.html?dummy=1712155995902', 'https://alpage.huma-num.fr/']",8MeMkv
https://marketplace.sshopencloud.eu/tool-or-service/4UtwMD,403.0,['https://www.alteryx.com/'],4UtwMD
https://marketplace.sshopencloud.eu/tool-or-service/R7KlRD,503.0,['https://ixa2.si.ehu.eus/clarink/analhitza.php?lang=en'],R7KlRD
https://marketplace.sshopencloud.eu/tool-or-service/xLg9Em,503.0,['https://ixa2.si.ehu.eus/clarink/analhitza.php'],xLg9Em
https://marketplace.sshopencloud.eu/tool-or-service/MPA6ND,404.0,['https://analytics.umcs.pl/uslugi/modele_prasowe/'],MPA6ND
https://marketplace.sshopencloud.eu/tool-or-service/f5pDGi,404.0,['https://github.com/carikan/excavation_reports_extractor'],f5pDGi
https://marketplace.sshopencloud.eu/tool-or-service/DP69ob,,[],DP69ob
https://marketplace.sshopencloud.eu/tool-or-service/gKEK3M,,[],gKEK3M
https://marketplace.sshopencloud.eu/tool-or-service/z4YTbH,408.0,['https://www.recolnat.org/en/annotate'],z4YTbH
https://marketplace.sshopencloud.eu/tool-or-service/VOENAw,403.0,['https://www.annotationstudio.org/'],VOENAw
https://marketplace.sshopencloud.eu/tool-or-service/2xUpv8,404.0,['http://eviada.webhost.iu.edu/Scripts/element.cfm?mc=6&ctID=31&eID=1'],2xUpv8
https://marketplace.sshopencloud.eu/tool-or-service/k2AvKt,404.0,"['https://annotorious.dev/', 'https://annotorious.github.io/']",k2AvKt
https://marketplace.sshopencloud.eu/tool-or-service/t0bBaw,503.0,['http://annozilla.mozdev.org/index.html'],t0bBaw
https://marketplace.sshopencloud.eu/tool-or-service/CqCK1n,,[],CqCK1n
https://marketplace.sshopencloud.eu/tool-or-service/XzfHJV,503.0,['http://nlp.cs.nyu.edu/app/'],XzfHJV
https://marketplace.sshopencloud.eu/tool-or-service/17nWui,,[],17nWui
https://marketplace.sshopencloud.eu/tool-or-service/VK0sej,418.0,['https://ieeexplore.ieee.org/document/1309277/'],VK0sej
https://marketplace.sshopencloud.eu/tool-or-service/vJ9sE6,408.0,['https://arkeogis.org/'],vJ9sE6
https://marketplace.sshopencloud.eu/tool-or-service/wI0G4x,,[],wI0G4x
https://marketplace.sshopencloud.eu/tool-or-service/TmiBJ7,,[],TmiBJ7
https://marketplace.sshopencloud.eu/tool-or-service/xulHux,503.0,['https://www.attensity.com'],xulHux
https://marketplace.sshopencloud.eu/tool-or-service/wLzD4H,,[],wLzD4H
https://marketplace.sshopencloud.eu/tool-or-service/Qkddnh,503.0,['https://ckc.uw.edu.pl'],Qkddnh
https://marketplace.sshopencloud.eu/tool-or-service/wL7BKR,,[],wL7BKR
https://marketplace.sshopencloud.eu/tool-or-service/5Er35v,,[],5Er35v
https://marketplace.sshopencloud.eu/tool-or-service/21heYa,503.0,['http://austese.net/'],21heYa
https://marketplace.sshopencloud.eu/tool-or-service/F9sgTE,,[],F9sgTE
https://marketplace.sshopencloud.eu/tool-or-service/x60ZlN,403.0,['https://www.autodesk.com/products/autocad/overview'],x60ZlN
https://marketplace.sshopencloud.eu/tool-or-service/ZNfxUb,403.0,['https://www.autodesk.com/products/3ds-max/overview'],ZNfxUb
https://marketplace.sshopencloud.eu/tool-or-service/bvaj6g,,[],bvaj6g
https://marketplace.sshopencloud.eu/tool-or-service/CnhldB,,[],CnhldB
https://marketplace.sshopencloud.eu/tool-or-service/MPTz5r,408.0,['https://www.pcss.pl'],MPTz5r
https://marketplace.sshopencloud.eu/tool-or-service/ojFzT1,,[],ojFzT1
https://marketplace.sshopencloud.eu/tool-or-service/NuVpHa,,[],NuVpHa
https://marketplace.sshopencloud.eu/tool-or-service/WnrT3t,500.0,['https://www.projectbamboo.org/'],WnrT3t
https://marketplace.sshopencloud.eu/tool-or-service/qWejKS,403.0,['https://www.basistech.com/'],qWejKS
https://marketplace.sshopencloud.eu/tool-or-service/BKdbvA,403.0,['https://cn.batchgeo.com/'],BKdbvA
https://marketplace.sshopencloud.eu/tool-or-service/i49jfM,408.0,['http://baza.iarh.hr/public/locality/map'],i49jfM
https://marketplace.sshopencloud.eu/tool-or-service/vMdFum,,[],vMdFum
https://marketplace.sshopencloud.eu/tool-or-service/wWpOXY,408.0,['https://bdme.iatext.es/'],wWpOXY
https://marketplace.sshopencloud.eu/tool-or-service/hVhtTV,408.0,['https://www.crummy.com/software/BeautifulSoup/'],hVhtTV
https://marketplace.sshopencloud.eu/tool-or-service/ysELlk,404.0,['https://www.beauty-patterns.org/en/homepage'],ysELlk
https://marketplace.sshopencloud.eu/tool-or-service/i4H095,,[],i4H095
https://marketplace.sshopencloud.eu/tool-or-service/8zrfAZ,,[],8zrfAZ
https://marketplace.sshopencloud.eu/tool-or-service/m0z5G3,,[],m0z5G3
https://marketplace.sshopencloud.eu/tool-or-service/V27aUY,403.0,"['https://www.biblindex.org/en', 'https://www.biblindex.org/en/quotations/search']",V27aUY
https://marketplace.sshopencloud.eu/tool-or-service/vGzMZt,503.0,['https://bibliotecacomum.pt/projeto/'],vGzMZt
https://marketplace.sshopencloud.eu/tool-or-service/inheKA,,[],inheKA
https://marketplace.sshopencloud.eu/tool-or-service/Aj3Z9L,,[],Aj3Z9L
https://marketplace.sshopencloud.eu/tool-or-service/jKiOXX,,[],jKiOXX
https://marketplace.sshopencloud.eu/tool-or-service/74qgFm,503.0,['https://surveyweb2.ucsur.pitt.edu/qblog/page_login.php'],74qgFm
https://marketplace.sshopencloud.eu/tool-or-service/H6vqJr,,[],H6vqJr
https://marketplace.sshopencloud.eu/tool-or-service/Kfm9H2,,[],Kfm9H2
https://marketplace.sshopencloud.eu/tool-or-service/ZvfBNa,,[],ZvfBNa
https://marketplace.sshopencloud.eu/tool-or-service/6lIN1I,,[],6lIN1I
https://marketplace.sshopencloud.eu/tool-or-service/9m1n4c,408.0,['http://bookworm.culturomics.org/'],9m1n4c
https://marketplace.sshopencloud.eu/tool-or-service/bHHXBB,,[],bHHXBB
https://marketplace.sshopencloud.eu/tool-or-service/A7QSay,,[],A7QSay
https://marketplace.sshopencloud.eu/tool-or-service/xePBoI,500.0,['https://btb-wn.webclark.org/index-EN.html'],xePBoI
https://marketplace.sshopencloud.eu/tool-or-service/CRETFA,,[],CRETFA
https://marketplace.sshopencloud.eu/tool-or-service/c1J23E,408.0,['http://hdl.handle.net/11858/00-203C-0000-0023-21BB-3'],c1J23E
https://marketplace.sshopencloud.eu/tool-or-service/Y2UzT9,404.0,['https://infoclio.ch/en/events_view'],Y2UzT9
https://marketplace.sshopencloud.eu/tool-or-service/kESkg7,403.0,['https://tulengua.iatext.ulpgc.es/neologismos'],kESkg7
https://marketplace.sshopencloud.eu/tool-or-service/2IsPUP,,[],2IsPUP
https://marketplace.sshopencloud.eu/tool-or-service/t7hOZv,,[],t7hOZv
https://marketplace.sshopencloud.eu/tool-or-service/B51xcr,,[],B51xcr
https://marketplace.sshopencloud.eu/tool-or-service/VrpVSA,404.0,['http://www.vela.com/ProductDocumentation/CC%20Viewer.pdf'],VrpVSA
https://marketplace.sshopencloud.eu/tool-or-service/UuWKL0,,[],UuWKL0
https://marketplace.sshopencloud.eu/tool-or-service/cXSqDf,,[],cXSqDf
https://marketplace.sshopencloud.eu/tool-or-service/iFzshl,,[],iFzshl
https://marketplace.sshopencloud.eu/tool-or-service/5n2OdN,,[],5n2OdN
https://marketplace.sshopencloud.eu/tool-or-service/o2X2Sl,,[],o2X2Sl
https://marketplace.sshopencloud.eu/tool-or-service/HdX4Co,,[],HdX4Co
https://marketplace.sshopencloud.eu/tool-or-service/Hfxm0S,,[],Hfxm0S
https://marketplace.sshopencloud.eu/tool-or-service/Gt1wsh,503.0,['http://hyperstudio.mit.edu/software/chronos-timeline/'],Gt1wsh
https://marketplace.sshopencloud.eu/tool-or-service/fhIJVa,,[],fhIJVa
https://marketplace.sshopencloud.eu/tool-or-service/ZffcWN,,[],ZffcWN
https://marketplace.sshopencloud.eu/tool-or-service/pNS3UD,,[],pNS3UD
https://marketplace.sshopencloud.eu/tool-or-service/XYWXCZ,403.0,['https://www.citavi.com/en'],XYWXCZ
https://marketplace.sshopencloud.eu/tool-or-service/7VTCID,,[],7VTCID
https://marketplace.sshopencloud.eu/tool-or-service/eElXqu,403.0,['http://www.citeulike.org/'],eElXqu
https://marketplace.sshopencloud.eu/tool-or-service/0BNuGH,503.0,['https://teaching.clariah.de/search/'],0BNuGH
https://marketplace.sshopencloud.eu/tool-or-service/zCOdxD,404.0,['https://vocabs.sshopencloud.eu/vocabularies/sshocmm/en/'],zCOdxD
https://marketplace.sshopencloud.eu/tool-or-service/9EDmNR,,[],9EDmNR
https://marketplace.sshopencloud.eu/tool-or-service/TL508y,,[],TL508y
https://marketplace.sshopencloud.eu/tool-or-service/hSGFem,,[],hSGFem
https://marketplace.sshopencloud.eu/tool-or-service/TCIrvm,404.0,['https://portal.clarin.nl/node/4226'],TCIrvm
https://marketplace.sshopencloud.eu/tool-or-service/Gtm3BN,,[],Gtm3BN
https://marketplace.sshopencloud.eu/tool-or-service/tf8rEi,,[],tf8rEi
https://marketplace.sshopencloud.eu/tool-or-service/m5jJ5s,,[],m5jJ5s
https://marketplace.sshopencloud.eu/tool-or-service/hMs5EQ,503.0,['https://cat.texifter.com/'],hMs5EQ
https://marketplace.sshopencloud.eu/tool-or-service/jdPIXl,,[],jdPIXl
https://marketplace.sshopencloud.eu/tool-or-service/mfI2Ri,503.0,['http://www.hd.uib.no/humdata/2-91/robin.htm'],mfI2Ri
https://marketplace.sshopencloud.eu/tool-or-service/V9dMl6,,[],V9dMl6
https://marketplace.sshopencloud.eu/tool-or-service/6XYtGf,408.0,['https://collocationary.com/'],6XYtGf
https://marketplace.sshopencloud.eu/tool-or-service/qn6meX,,[],qn6meX
https://marketplace.sshopencloud.eu/tool-or-service/90Pnyy,503.0,['http://projects.oucs.ox.ac.uk/runcoco/index.html'],90Pnyy
https://marketplace.sshopencloud.eu/tool-or-service/dfDk1h,403.0,['http://compfight.com/'],dfDk1h
https://marketplace.sshopencloud.eu/tool-or-service/O3dRJB,408.0,['https://www.comphistsem.org/home.html'],O3dRJB
https://marketplace.sshopencloud.eu/tool-or-service/yr2VIv,403.0,['https://benjamins.com/catalog/cls.1'],yr2VIv
https://marketplace.sshopencloud.eu/tool-or-service/7w95ah,,[],7w95ah
https://marketplace.sshopencloud.eu/tool-or-service/HZVQDa,408.0,['http://oak.conncoll.edu/cohar/Programs.htm'],HZVQDa
https://marketplace.sshopencloud.eu/tool-or-service/G4iyld,404.0,['http://zil.ipipan.waw.pl/DependencyParser'],G4iyld
https://marketplace.sshopencloud.eu/tool-or-service/x3mn2r,503.0,['http://iis.ipipan.waw.pl/2008/proceedings/iis08-20.pdf'],x3mn2r
https://marketplace.sshopencloud.eu/tool-or-service/99qQcc,404.0,['http://www.ickn.org/ckntools.html'],99qQcc
https://marketplace.sshopencloud.eu/tool-or-service/gXGKMW,408.0,"['https://github.com/coneda/kor', 'https://de.dariah.eu/en/conedakor']",gXGKMW
https://marketplace.sshopencloud.eu/tool-or-service/Jv0TkC,,[],Jv0TkC
https://marketplace.sshopencloud.eu/tool-or-service/pjsfLV,403.0,['https://tulengua.iatext.ulpgc.es/conjugate-verb/'],pjsfLV
https://marketplace.sshopencloud.eu/tool-or-service/Bxb8sL,503.0,['http://www.languagelibrary.eu/new_ewnui/'],Bxb8sL
https://marketplace.sshopencloud.eu/tool-or-service/NEIh65,404.0,['https://www.wyzant.com/resources/lessons/study-skills/cornell-notes'],NEIh65
https://marketplace.sshopencloud.eu/tool-or-service/Q8QEA4,503.0,['https://www.corpus.by/Lemmatizer/?lang=en'],Q8QEA4
https://marketplace.sshopencloud.eu/tool-or-service/23jFco,503.0,['https://cosmotool.de.dariah.eu/cosmotool/personsearch/'],23jFco
https://marketplace.sshopencloud.eu/tool-or-service/YHpArY,408.0,"['https://data.crossda.hr/', 'https://www.crossda.hr/']",YHpArY
https://marketplace.sshopencloud.eu/tool-or-service/770fAy,408.0,['https://www.culturaitalia.it/'],770fAy
https://marketplace.sshopencloud.eu/tool-or-service/u4cQWg,403.0,['https://www.cvce.eu'],u4cQWg
https://marketplace.sshopencloud.eu/tool-or-service/CSqgvg,,[],CSqgvg
https://marketplace.sshopencloud.eu/tool-or-service/uay75H,503.0,['https://admin.dasch.swiss/'],uay75H
https://marketplace.sshopencloud.eu/tool-or-service/8lXz8g,,[],8lXz8g
https://marketplace.sshopencloud.eu/tool-or-service/BTDj5E,404.0,['http://humanities.lib.rochester.edu/data-dictionary-generator/'],BTDj5E
https://marketplace.sshopencloud.eu/tool-or-service/Q3CJKn,408.0,['https://datahero.com/'],Q3CJKn
https://marketplace.sshopencloud.eu/tool-or-service/NxYykl,,[],NxYykl
https://marketplace.sshopencloud.eu/tool-or-service/sM55Rf,404.0,['https://github.com/CHC-Computations/data_processing'],sM55Rf
https://marketplace.sshopencloud.eu/tool-or-service/uPBXdG,,[],uPBXdG
https://marketplace.sshopencloud.eu/tool-or-service/aidLnh,404.0,['https://dgd.ids-mannheim.de/dgd/pragdb.dgd_extern.welcome'],aidLnh
https://marketplace.sshopencloud.eu/tool-or-service/nW5hKp,404.0,['http://www.ddialliance.org/system/files/codebook2-0.xsl'],nW5hKp
https://marketplace.sshopencloud.eu/tool-or-service/wa0xoI,,[],wa0xoI
https://marketplace.sshopencloud.eu/tool-or-service/l5XZJ4,,[],l5XZJ4
https://marketplace.sshopencloud.eu/tool-or-service/0fbhOq,408.0,['https://dicolat.iatext.ulpgc.es/'],0fbhOq
https://marketplace.sshopencloud.eu/tool-or-service/hWx8Mm,500.0,['http://www.dictionsoftware.com/'],hWx8Mm
https://marketplace.sshopencloud.eu/tool-or-service/NkwyDW,,[],NkwyDW
https://marketplace.sshopencloud.eu/tool-or-service/Mw5JKV,503.0,['http://www.digitalfootprints.dk/'],Mw5JKV
https://marketplace.sshopencloud.eu/tool-or-service/B7PxQl,408.0,['https://dhcr.clarin-dariah.eu/'],B7PxQl
https://marketplace.sshopencloud.eu/tool-or-service/7y3thM,,[],7y3thM
https://marketplace.sshopencloud.eu/tool-or-service/gFlskI,,[],gFlskI
https://marketplace.sshopencloud.eu/tool-or-service/cwBrHn,404.0,['https://ddmal.github.io/diva.js/'],cwBrHn
https://marketplace.sshopencloud.eu/tool-or-service/YvytnF,,[],YvytnF
https://marketplace.sshopencloud.eu/tool-or-service/5uaqbO,503.0,['https://ckc.uw.edu.pl'],5uaqbO
https://marketplace.sshopencloud.eu/tool-or-service/yESLGG,,[],yESLGG
https://marketplace.sshopencloud.eu/tool-or-service/W6bBPJ,,[],W6bBPJ
https://marketplace.sshopencloud.eu/tool-or-service/UAGfsc,503.0,['https://duraspace.org/dspace/'],UAGfsc
https://marketplace.sshopencloud.eu/tool-or-service/sEMzL0,,[],sEMzL0
https://marketplace.sshopencloud.eu/tool-or-service/rlSTxc,,[],rlSTxc
https://marketplace.sshopencloud.eu/tool-or-service/25XC9q,,[],25XC9q
https://marketplace.sshopencloud.eu/tool-or-service/m7w2Cb,408.0,['http://editflow.org/'],m7w2Cb
https://marketplace.sshopencloud.eu/tool-or-service/T5NFL5,408.0,['http://www.editgrid.com/'],T5NFL5
https://marketplace.sshopencloud.eu/tool-or-service/mURqNh,503.0,['http://evt.labcd.unipi.it/'],mURqNh
https://marketplace.sshopencloud.eu/tool-or-service/raCHUH,408.0,['http://editorsnotes.org/'],raCHUH
https://marketplace.sshopencloud.eu/tool-or-service/76bU1U,408.0,['http://eceg.iatext.ulpgc.es/'],76bU1U
https://marketplace.sshopencloud.eu/tool-or-service/69ODFp,503.0,['https://sshoc.poolparty.biz/GraphSearch/'],69ODFp
https://marketplace.sshopencloud.eu/tool-or-service/UPhpBN,503.0,['https://elinker.lab.dariah.pl'],UPhpBN
https://marketplace.sshopencloud.eu/tool-or-service/hEd37C,,[],hEd37C
https://marketplace.sshopencloud.eu/tool-or-service/ce5R1L,408.0,['http://oak.conncoll.edu/cohar/Programs.htm'],ce5R1L
https://marketplace.sshopencloud.eu/tool-or-service/peaoyT,503.0,['https://emt.ehri-project.eu'],peaoyT
https://marketplace.sshopencloud.eu/tool-or-service/TYT1X9,,[],TYT1X9
https://marketplace.sshopencloud.eu/tool-or-service/tCRenC,,[],tCRenC
https://marketplace.sshopencloud.eu/tool-or-service/CoBCWT,404.0,['https://www.e-periodica.ch/digbib/about1?lang=en'],CoBCWT
https://marketplace.sshopencloud.eu/tool-or-service/9McIgG,,[],9McIgG
https://marketplace.sshopencloud.eu/tool-or-service/2GB3v5,,[],2GB3v5
https://marketplace.sshopencloud.eu/tool-or-service/FHO9mF,503.0,['http://erissolver.thomas-specq.work/about.html'],FHO9mF
https://marketplace.sshopencloud.eu/tool-or-service/iXnQWa,403.0,['https://tulengua.iatext.ulpgc.es/estilometria/'],iXnQWa
https://marketplace.sshopencloud.eu/tool-or-service/fy7ZXa,404.0,['http://www.eki.ee/keeletehnoloogia/projektid/estmorf/'],fy7ZXa
https://marketplace.sshopencloud.eu/tool-or-service/1z5mBU,404.0,['https://estnltk.github.io/estnltk/1.4.1/'],1z5mBU
https://marketplace.sshopencloud.eu/tool-or-service/zXt3sc,408.0,['https://tip.iatext.ulpgc.es/EtiquetadorWeb/Login'],zXt3sc
https://marketplace.sshopencloud.eu/tool-or-service/suHIkV,,[],suHIkV
https://marketplace.sshopencloud.eu/tool-or-service/TDYZMW,,[],TDYZMW
https://marketplace.sshopencloud.eu/tool-or-service/jbQ9cV,429.0,['http://www.eurac.edu/en/research/autonomies/commul/projects/pages/linfovis/programs.aspx#CorpusClouds'],jbQ9cV
https://marketplace.sshopencloud.eu/tool-or-service/lEvn5p,429.0,['http://www.eurac.edu/en/research/autonomies/commul/projects/pages/linfovis/programs.aspx#DoubleTree'],lEvn5p
https://marketplace.sshopencloud.eu/tool-or-service/rGfpOv,,[],rGfpOv
https://marketplace.sshopencloud.eu/tool-or-service/3m4luN,429.0,['http://www.eurac.edu/en/research/autonomies/commul/projects/pages/linfovis/programs.aspx#Extendedlinguisticdependency'],3m4luN
https://marketplace.sshopencloud.eu/tool-or-service/vkgi6R,429.0,['http://www.eurac.edu/en/research/autonomies/commul/projects/Pages/Linfovis/programs.aspx#interhist'],vkgi6R
https://marketplace.sshopencloud.eu/tool-or-service/jM5B77,,[],jM5B77
https://marketplace.sshopencloud.eu/tool-or-service/mDBg8V,403.0,['https://pro.europeana.eu/resources/apis'],mDBg8V
https://marketplace.sshopencloud.eu/tool-or-service/t1LnGq,,[],t1LnGq
https://marketplace.sshopencloud.eu/tool-or-service/EJXz56,503.0,['http://www.evilinhd.com/'],EJXz56
https://marketplace.sshopencloud.eu/tool-or-service/gQR3IB,,[],gQR3IB
https://marketplace.sshopencloud.eu/tool-or-service/7P8FQY,444.0,['https://www.opentext.com/products-and-solutions/products/specialty-technologies/connectivity/exceed'],7P8FQY
https://marketplace.sshopencloud.eu/tool-or-service/fCxnJg,503.0,['https://www.simile-widgets.org/exhibit3/'],fCxnJg
https://marketplace.sshopencloud.eu/tool-or-service/k8phAn,,[],k8phAn
https://marketplace.sshopencloud.eu/tool-or-service/yL7nCC,,[],yL7nCC
https://marketplace.sshopencloud.eu/tool-or-service/4x6nxm,,[],4x6nxm
https://marketplace.sshopencloud.eu/tool-or-service/Ue0kwN,503.0,['https://facesdeeva.fcsh.unl.pt/'],Ue0kwN
https://marketplace.sshopencloud.eu/tool-or-service/fQnfDE,403.0,['https://tulengua.iatext.ulpgc.es/family-of-word/'],fQnfDE
https://marketplace.sshopencloud.eu/tool-or-service/UOIBxu,,[],UOIBxu
https://marketplace.sshopencloud.eu/tool-or-service/0UyfMR,,[],0UyfMR
https://marketplace.sshopencloud.eu/tool-or-service/rQYLSw,503.0,['https://duraspace.org/fedora/'],rQYLSw
https://marketplace.sshopencloud.eu/tool-or-service/mdEbYT,202.0,['https://figshare.com/'],mdEbYT
https://marketplace.sshopencloud.eu/tool-or-service/TSCHdQ,503.0,['https://wcss.pl/uslugi/'],TSCHdQ
https://marketplace.sshopencloud.eu/tool-or-service/BLuXCj,,[],BLuXCj
https://marketplace.sshopencloud.eu/tool-or-service/zrcdNS,,[],zrcdNS
https://marketplace.sshopencloud.eu/tool-or-service/5DGYk0,404.0,['https://www.kielipankki.fi/tools/demo/cgi-bin/predict/finsent.py'],5DGYk0
https://marketplace.sshopencloud.eu/tool-or-service/nYVgLN,,[],nYVgLN
https://marketplace.sshopencloud.eu/tool-or-service/zjiht4,,[],zjiht4
https://marketplace.sshopencloud.eu/tool-or-service/Y6Cix8,,[],Y6Cix8
https://marketplace.sshopencloud.eu/tool-or-service/i1xebr,408.0,['http://flamenco.berkeley.edu/index.html'],i1xebr
https://marketplace.sshopencloud.eu/tool-or-service/8hkmPk,500.0,['https://www.madcapsoftware.com/products/flare/'],8hkmPk
https://marketplace.sshopencloud.eu/tool-or-service/gaaICD,,[],gaaICD
https://marketplace.sshopencloud.eu/tool-or-service/fQ11oI,,[],fQ11oI
https://marketplace.sshopencloud.eu/tool-or-service/GwdBWn,,[],GwdBWn
https://marketplace.sshopencloud.eu/tool-or-service/8WrxNC,,[],8WrxNC
https://marketplace.sshopencloud.eu/tool-or-service/SFc3qq,,[],SFc3qq
https://marketplace.sshopencloud.eu/tool-or-service/BeuVKa,,[],BeuVKa
https://marketplace.sshopencloud.eu/tool-or-service/U99S9J,,[],U99S9J
https://marketplace.sshopencloud.eu/tool-or-service/piir0h,404.0,['http://www-03.ibm.com/ibm/history/ibm100/us/en/icons/fortran/'],piir0h
https://marketplace.sshopencloud.eu/tool-or-service/YGxona,,[],YGxona
https://marketplace.sshopencloud.eu/tool-or-service/a47VVu,,[],a47VVu
https://marketplace.sshopencloud.eu/tool-or-service/reMATh,,[],reMATh
https://marketplace.sshopencloud.eu/tool-or-service/qi1mTw,,[],qi1mTw
https://marketplace.sshopencloud.eu/tool-or-service/ewuTgR,408.0,['http://beta.fromthepage.com/'],ewuTgR
https://marketplace.sshopencloud.eu/tool-or-service/PQqynC,,[],PQqynC
https://marketplace.sshopencloud.eu/tool-or-service/ysUiV1,403.0,['https://gallica.bnf.fr/accueil/en/content/accueil-en'],ysUiV1
https://marketplace.sshopencloud.eu/tool-or-service/fOkJg8,408.0,['https://cpdoc.fgv.br/casa-acervo/game-casa-acervo'],fOkJg8
https://marketplace.sshopencloud.eu/tool-or-service/bZhsxt,,[],bZhsxt
https://marketplace.sshopencloud.eu/tool-or-service/lbBrAP,408.0,['https://hdl.handle.net/21.11115/0000-000B-D330-0'],lbBrAP
https://marketplace.sshopencloud.eu/tool-or-service/tzfriN,403.0,['https://ihpan.edu.pl/en/dariah-lab-en/geohum'],tzfriN
https://marketplace.sshopencloud.eu/tool-or-service/SF6SHP,,[],SF6SHP
https://marketplace.sshopencloud.eu/tool-or-service/8bxIa1,403.0,['http://www.geotime.com/'],8bxIa1
https://marketplace.sshopencloud.eu/tool-or-service/nNlpSz,503.0,['http://gerbilvis.org/'],nNlpSz
https://marketplace.sshopencloud.eu/tool-or-service/WvsoqE,503.0,['http://textplus.sfs.uni-tuebingen.de:8008/api/sru/test'],WvsoqE
https://marketplace.sshopencloud.eu/tool-or-service/1l6v7q,403.0,['http://www2.lingsoft.fi/doc/gertwol/'],1l6v7q
https://marketplace.sshopencloud.eu/tool-or-service/Lv2gOM,404.0,['http://www.visualdataweb.org/gfacet.php'],Lv2gOM
https://marketplace.sshopencloud.eu/tool-or-service/wyP3HN,,[],wyP3HN
https://marketplace.sshopencloud.eu/tool-or-service/LRsAyN,,[],LRsAyN
https://marketplace.sshopencloud.eu/tool-or-service/sz8gOs,,[],sz8gOs
https://marketplace.sshopencloud.eu/tool-or-service/2ziqRK,503.0,['https://golem.lab.dariah.pl'],2ziqRK
https://marketplace.sshopencloud.eu/tool-or-service/LbSufZ,,[],LbSufZ
https://marketplace.sshopencloud.eu/tool-or-service/KtOgEl,,[],KtOgEl
https://marketplace.sshopencloud.eu/tool-or-service/BPMNtu,,[],BPMNtu
https://marketplace.sshopencloud.eu/tool-or-service/8damb1,,[],8damb1
https://marketplace.sshopencloud.eu/tool-or-service/yYW0NG,,[],yYW0NG
https://marketplace.sshopencloud.eu/tool-or-service/CFcdFx,,[],CFcdFx
https://marketplace.sshopencloud.eu/tool-or-service/gDjdf7,503.0,['https://music-put/lab.dariah.pl/en'],gDjdf7
https://marketplace.sshopencloud.eu/tool-or-service/W55H2k,,[],W55H2k
https://marketplace.sshopencloud.eu/tool-or-service/EKPrch,,[],EKPrch
https://marketplace.sshopencloud.eu/tool-or-service/gm5FCF,,[],gm5FCF
https://marketplace.sshopencloud.eu/tool-or-service/4kGb2i,,[],4kGb2i
https://marketplace.sshopencloud.eu/tool-or-service/VUsxa0,403.0,['https://www.hathitrust.org/'],VUsxa0
https://marketplace.sshopencloud.eu/tool-or-service/KV0ceb,,[],KV0ceb
https://marketplace.sshopencloud.eu/tool-or-service/sqQ8Z6,503.0,['http://www.hisma.org/HISMA/HISCAM.html'],sqQ8Z6
https://marketplace.sshopencloud.eu/tool-or-service/SoI9CF,408.0,['https://www.sistory.si/'],SoI9CF
https://marketplace.sshopencloud.eu/tool-or-service/J7H6f4,503.0,['https://datasets.socialhistory.org/dataverse/historyofwork'],J7H6f4
https://marketplace.sshopencloud.eu/tool-or-service/ESs5u6,,[],ESs5u6
https://marketplace.sshopencloud.eu/tool-or-service/BqRa2R,400.0,['https://transkribus.eu/wiki/images/d/db/HowToTranscribe_AdvancedMode.pdf'],BqRa2R
https://marketplace.sshopencloud.eu/tool-or-service/E9CG0G,408.0,['https://htr.lab.dariah.pl/'],E9CG0G
https://marketplace.sshopencloud.eu/tool-or-service/McqZeE,503.0,['https://www.hubzero.org/'],McqZeE
https://marketplace.sshopencloud.eu/tool-or-service/IDaEf6,,[],IDaEf6
https://marketplace.sshopencloud.eu/tool-or-service/3B8Kbu,403.0,['https://www.iannotate.com/'],3B8Kbu
https://marketplace.sshopencloud.eu/tool-or-service/Wi2gP1,408.0,['http://www.iatml.org/'],Wi2gP1
https://marketplace.sshopencloud.eu/tool-or-service/PSxxsv,,[],PSxxsv
https://marketplace.sshopencloud.eu/tool-or-service/l5srY9,,[],l5srY9
https://marketplace.sshopencloud.eu/tool-or-service/jMZOkh,,[],jMZOkh
https://marketplace.sshopencloud.eu/tool-or-service/ZdqfUn,,[],ZdqfUn
https://marketplace.sshopencloud.eu/tool-or-service/30NzUW,,[],30NzUW
https://marketplace.sshopencloud.eu/tool-or-service/XDagvK,408.0,['http://apps.islab.ntua.gr/ienrich/'],XDagvK
https://marketplace.sshopencloud.eu/tool-or-service/LUNxYS,,[],LUNxYS
https://marketplace.sshopencloud.eu/tool-or-service/Btl7lo,,[],Btl7lo
https://marketplace.sshopencloud.eu/tool-or-service/zoecDB,,[],zoecDB
https://marketplace.sshopencloud.eu/tool-or-service/Ay1ZsU,,[],Ay1ZsU
https://marketplace.sshopencloud.eu/tool-or-service/gzjUpY,503.0,['http://www.cs.ou.edu/~weaver/improvise/index.html'],gzjUpY
https://marketplace.sshopencloud.eu/tool-or-service/2YnJgm,404.0,['http://www.bl.uk/catalogues/istc/'],2YnJgm
https://marketplace.sshopencloud.eu/tool-or-service/Px3QPk,,[],Px3QPk
https://marketplace.sshopencloud.eu/tool-or-service/5cR2GF,503.0,['https://www.indexar.pt/#/home'],5cR2GF
https://marketplace.sshopencloud.eu/tool-or-service/1IGx4J,503.0,['http://infoextractor.org/'],1IGx4J
https://marketplace.sshopencloud.eu/tool-or-service/9Xs9t3,503.0,['https://infraart.inoe.ro/'],9Xs9t3
https://marketplace.sshopencloud.eu/tool-or-service/zmTbqR,403.0,['https://ihpan.edu.pl/en/dariah-lab-en/editions'],zmTbqR
https://marketplace.sshopencloud.eu/tool-or-service/NX2B3f,,[],NX2B3f
https://marketplace.sshopencloud.eu/tool-or-service/Ypj0ZJ,503.0,['http://inphodata.cogs.indiana.edu/'],Ypj0ZJ
https://marketplace.sshopencloud.eu/tool-or-service/1J5NM9,,[],1J5NM9
https://marketplace.sshopencloud.eu/tool-or-service/Es3ozf,,[],Es3ozf
https://marketplace.sshopencloud.eu/tool-or-service/0AHFtS,403.0,['https://www.newcastle.edu.au/research-and-innovation/centre/education-arts/cllc/intelligent-archive'],0AHFtS
https://marketplace.sshopencloud.eu/tool-or-service/48rim0,408.0,['http://corpus.leeds.ac.uk/itpubweb/html/index.xml'],48rim0
https://marketplace.sshopencloud.eu/tool-or-service/jll7eb,503.0,['http://atlas1918.ihpan.edu.pl/'],jll7eb
https://marketplace.sshopencloud.eu/tool-or-service/XEBPje,,[],XEBPje
https://marketplace.sshopencloud.eu/tool-or-service/AqD2iG,408.0,['http://intex.univ-fcomte.fr/'],AqD2iG
https://marketplace.sshopencloud.eu/tool-or-service/tPnZ14,,[],tPnZ14
https://marketplace.sshopencloud.eu/tool-or-service/xdJVRm,,[],xdJVRm
https://marketplace.sshopencloud.eu/tool-or-service/h6IQFm,,[],h6IQFm
https://marketplace.sshopencloud.eu/tool-or-service/NvN0y8,,[],NvN0y8
https://marketplace.sshopencloud.eu/tool-or-service/a8STxM,,[],a8STxM
https://marketplace.sshopencloud.eu/tool-or-service/7TU6FJ,408.0,['https://aterui.ws.hosei.ac.jp/jbae/#about'],7TU6FJ
https://marketplace.sshopencloud.eu/tool-or-service/2IAuG0,,[],2IAuG0
https://marketplace.sshopencloud.eu/tool-or-service/Bqa2vU,408.0,['https://evllabs.com/?page_id=42'],Bqa2vU
https://marketplace.sshopencloud.eu/tool-or-service/BEK70Y,404.0,['http://www.cc.gatech.edu/gvu/ii/jigsaw/'],BEK70Y
https://marketplace.sshopencloud.eu/tool-or-service/Opchmp,403.0,['https://www.techsmith.com/jing-tool.html'],Opchmp
https://marketplace.sshopencloud.eu/tool-or-service/gpnxND,,[],gpnxND
https://marketplace.sshopencloud.eu/tool-or-service/vruqCY,,[],vruqCY
https://marketplace.sshopencloud.eu/tool-or-service/c4vIyB,,[],c4vIyB
https://marketplace.sshopencloud.eu/tool-or-service/Y0Uv5k,403.0,['https://jumpchart.com/'],Y0Uv5k
https://marketplace.sshopencloud.eu/tool-or-service/qPAlNr,404.0,['https://nines.org/about/software/juxta/'],qPAlNr
https://marketplace.sshopencloud.eu/tool-or-service/tUkAbQ,,[],tUkAbQ
https://marketplace.sshopencloud.eu/tool-or-service/CbIy52,408.0,['https://www.juxtaeditions.com/'],CbIy52
https://marketplace.sshopencloud.eu/tool-or-service/oASae1,,[],oASae1
https://marketplace.sshopencloud.eu/tool-or-service/gHCDwq,,[],gHCDwq
https://marketplace.sshopencloud.eu/tool-or-service/H695Ot,,[],H695Ot
https://marketplace.sshopencloud.eu/tool-or-service/NVxMLR,500.0,['http://kontext.korpuss.lv/'],NVxMLR
https://marketplace.sshopencloud.eu/tool-or-service/8u5qT4,503.0,['http://kora.matrix.msu.edu/promo_index.php'],8u5qT4
https://marketplace.sshopencloud.eu/tool-or-service/1aFBRw,404.0,['https://kraken.re/main/index.html'],1aFBRw
https://marketplace.sshopencloud.eu/tool-or-service/uAU26N,503.0,['https://pro.kubity.com/'],uAU26N
https://marketplace.sshopencloud.eu/tool-or-service/p8lYFs,,[],p8lYFs
https://marketplace.sshopencloud.eu/tool-or-service/G4u3Ov,,[],G4u3Ov
https://marketplace.sshopencloud.eu/tool-or-service/W8dToW,502.0,['https://webservices.cls.ru.nl/portal/services/'],W8dToW
https://marketplace.sshopencloud.eu/tool-or-service/XHgGGH,525.0,['https://www.larm.fm/'],XHgGGH
https://marketplace.sshopencloud.eu/tool-or-service/9U5kpw,403.0,['https://latino.epistone.net/'],9U5kpw
https://marketplace.sshopencloud.eu/tool-or-service/1HBWZf,404.0,['https://latin.rocek.dev/'],1HBWZf
https://marketplace.sshopencloud.eu/tool-or-service/y4fvez,408.0,['https://corpora.uni-leipzig.de/en/'],y4fvez
https://marketplace.sshopencloud.eu/tool-or-service/14Qycn,,[],14Qycn
https://marketplace.sshopencloud.eu/tool-or-service/JoSBgb,,[],JoSBgb
https://marketplace.sshopencloud.eu/tool-or-service/DkRdok,403.0,['http://info.leximancer.com/'],DkRdok
https://marketplace.sshopencloud.eu/tool-or-service/cz8dHN,,[],cz8dHN
https://marketplace.sshopencloud.eu/tool-or-service/vIk8j3,403.0,['http://wheatoncollege.edu/lexomics/'],vIk8j3
https://marketplace.sshopencloud.eu/tool-or-service/TSNJDy,408.0,['https://www.lextek.com/'],TSNJDy
https://marketplace.sshopencloud.eu/tool-or-service/yejSKn,,[],yejSKn
https://marketplace.sshopencloud.eu/tool-or-service/eGvynq,,[],eGvynq
https://marketplace.sshopencloud.eu/tool-or-service/EMQlCa,,[],EMQlCa
https://marketplace.sshopencloud.eu/tool-or-service/NIJnAQ,,[],NIJnAQ
https://marketplace.sshopencloud.eu/tool-or-service/gWiwKa,,[],gWiwKa
https://marketplace.sshopencloud.eu/tool-or-service/iheHw8,,[],iheHw8
https://marketplace.sshopencloud.eu/tool-or-service/EX3qQy,503.0,['https://www.listango.com/'],EX3qQy
https://marketplace.sshopencloud.eu/tool-or-service/sRvDiC,,[],sRvDiC
https://marketplace.sshopencloud.eu/tool-or-service/cBHEp8,,[],cBHEp8
https://marketplace.sshopencloud.eu/tool-or-service/G1FDN1,404.0,"['https://www.liwc.app/', 'http://liwc.wpengine.com/']",G1FDN1
https://marketplace.sshopencloud.eu/tool-or-service/2bTfyh,404.0,['https://www.apple.com/lae/logic-pro/'],2bTfyh
https://marketplace.sshopencloud.eu/tool-or-service/LeKOCY,404.0,['http://www.iatml.org/logoslink('],LeKOCY
https://marketplace.sshopencloud.eu/tool-or-service/DO2V7b,403.0,['https://www.lucidpress.com/'],DO2V7b
https://marketplace.sshopencloud.eu/tool-or-service/CM3SPq,408.0,['https://hdl.handle.net/21.11115/0000-000B-D325-D'],CM3SPq
https://marketplace.sshopencloud.eu/tool-or-service/LQXT6I,408.0,['https://hdl.handle.net/21.11129/0000-000C-D890-D'],LQXT6I
https://marketplace.sshopencloud.eu/tool-or-service/qzhSM8,,[],qzhSM8
https://marketplace.sshopencloud.eu/tool-or-service/2KpJe6,,[],2KpJe6
https://marketplace.sshopencloud.eu/tool-or-service/ClexAi,,[],ClexAi
https://marketplace.sshopencloud.eu/tool-or-service/iqcaJU,,[],iqcaJU
https://marketplace.sshopencloud.eu/tool-or-service/5pUogL,,[],5pUogL
https://marketplace.sshopencloud.eu/tool-or-service/YDaimD,503.0,['https://mapstory.org/'],YDaimD
https://marketplace.sshopencloud.eu/tool-or-service/VvFB7t,,[],VvFB7t
https://marketplace.sshopencloud.eu/tool-or-service/sWm3gL,,[],sWm3gL
https://marketplace.sshopencloud.eu/tool-or-service/UwZT1R,403.0,['https://www.mathworks.com/products/matlab.html'],UwZT1R
https://marketplace.sshopencloud.eu/tool-or-service/PvsYox,403.0,['https://www.autodesk.com/products/maya/overview'],PvsYox
https://marketplace.sshopencloud.eu/tool-or-service/EYPPvF,403.0,['https://www.upf.edu/web/mcsq/'],EYPPvF
https://marketplace.sshopencloud.eu/tool-or-service/TftFnA,,[],TftFnA
https://marketplace.sshopencloud.eu/tool-or-service/YtUQE6,503.0,['https://mediathread.info/'],YtUQE6
https://marketplace.sshopencloud.eu/tool-or-service/rmTSoA,403.0,['https://www.mediawiki.org/wiki/MediaWiki'],rmTSoA
https://marketplace.sshopencloud.eu/tool-or-service/8MgOL0,404.0,['https://medievalista.iem.fcsh.unl.pt/index.php/medievalista/issue/archive'],8MgOL0
https://marketplace.sshopencloud.eu/tool-or-service/Dy4y6u,503.0,['https://music-put/lab.dariah.pl/en'],Dy4y6u
https://marketplace.sshopencloud.eu/tool-or-service/nEcd6i,,[],nEcd6i
https://marketplace.sshopencloud.eu/tool-or-service/v2gq4E,,[],v2gq4E
https://marketplace.sshopencloud.eu/tool-or-service/fCdyBJ,,[],fCdyBJ
https://marketplace.sshopencloud.eu/tool-or-service/C8BV15,404.0,['https://metagrid.ch/metagrid_search/#!/search.html'],C8BV15
https://marketplace.sshopencloud.eu/tool-or-service/oe6OLb,404.0,['http://dlib.nyu.edu/metstools/'],oe6OLb
https://marketplace.sshopencloud.eu/tool-or-service/pbWucM,,[],pbWucM
https://marketplace.sshopencloud.eu/tool-or-service/WoonuW,408.0,['https://www.microsiris.com/'],WoonuW
https://marketplace.sshopencloud.eu/tool-or-service/kV0Wcd,,[],kV0Wcd
https://marketplace.sshopencloud.eu/tool-or-service/GE5fdp,,[],GE5fdp
https://marketplace.sshopencloud.eu/tool-or-service/sVQP9T,403.0,['https://www.clres.com/mccalite.php'],sVQP9T
https://marketplace.sshopencloud.eu/tool-or-service/tvxlz9,,[],tvxlz9
https://marketplace.sshopencloud.eu/tool-or-service/RlW9dY,,[],RlW9dY
https://marketplace.sshopencloud.eu/tool-or-service/f932au,408.0,['https://www.meta-analysis-made-easy.com/'],f932au
https://marketplace.sshopencloud.eu/tool-or-service/mBQmcn,408.0,['https://hdl.handle.net/21.11115/0000-000B-D348-6'],mBQmcn
https://marketplace.sshopencloud.eu/tool-or-service/ruZnYa,,[],ruZnYa
https://marketplace.sshopencloud.eu/tool-or-service/SlqYjY,404.0,['http://www.ispan.pl/pl/zbiory/zbiory-fonograficzne'],SlqYjY
https://marketplace.sshopencloud.eu/tool-or-service/Z1IqbY,,[],Z1IqbY
https://marketplace.sshopencloud.eu/tool-or-service/0Rcc8k,404.0,['https://lab.dariah.pl/mordah'],0Rcc8k
https://marketplace.sshopencloud.eu/tool-or-service/jK6Nnh,,[],jK6Nnh
https://marketplace.sshopencloud.eu/tool-or-service/k1OIwa,503.0,['http://www.ars-it.org/index.php?option=com_content&view=article&id=71:movida&catid=78&Itemid=471'],k1OIwa
https://marketplace.sshopencloud.eu/tool-or-service/b1CNnQ,408.0,['http://mozdeh.wlv.ac.uk/'],b1CNnQ
https://marketplace.sshopencloud.eu/tool-or-service/DDQdJk,403.0,['https://www.mozenda.com/'],DDQdJk
https://marketplace.sshopencloud.eu/tool-or-service/cIP0cd,,[],cIP0cd
https://marketplace.sshopencloud.eu/tool-or-service/UXGdG8,503.0,['https://thimble.mozilla.org/en-US/'],UXGdG8
https://marketplace.sshopencloud.eu/tool-or-service/u35awB,403.0,['https://www.upf.edu/web/mcsq/'],u35awB
https://marketplace.sshopencloud.eu/tool-or-service/SdCJsn,,[],SdCJsn
https://marketplace.sshopencloud.eu/tool-or-service/GfOswz,,[],GfOswz
https://marketplace.sshopencloud.eu/tool-or-service/cw1Ttk,503.0,['https://music-put/lab.dariah.pl/en'],cw1Ttk
https://marketplace.sshopencloud.eu/tool-or-service/ZNBuVy,,[],ZNBuVy
https://marketplace.sshopencloud.eu/tool-or-service/7L7pZ0,,[],7L7pZ0
https://marketplace.sshopencloud.eu/tool-or-service/71u2vE,,[],71u2vE
https://marketplace.sshopencloud.eu/tool-or-service/uxP8ac,,[],uxP8ac
https://marketplace.sshopencloud.eu/tool-or-service/v5Zssr,,[],v5Zssr
https://marketplace.sshopencloud.eu/tool-or-service/1WdI7t,403.0,['http://neon-toolkit.org/wiki/Main_Page.html'],1WdI7t
https://marketplace.sshopencloud.eu/tool-or-service/TnbvRb,404.0,['http://ericsteinhart.com/ANALOGY/lom-netmet.html'],TnbvRb
https://marketplace.sshopencloud.eu/tool-or-service/ECrL93,,[],ECrL93
https://marketplace.sshopencloud.eu/tool-or-service/1cl68i,,[],1cl68i
https://marketplace.sshopencloud.eu/tool-or-service/nRLBSG,404.0,['http://neuma.huma-num.fr/quality/'],nRLBSG
https://marketplace.sshopencloud.eu/tool-or-service/zyrFBP,408.0,['http://inke.acadiau.ca/newradial/'],zyrFBP
https://marketplace.sshopencloud.eu/tool-or-service/bdDRMS,408.0,['https://vcg.isti.cnr.it/nexus/'],bdDRMS
https://marketplace.sshopencloud.eu/tool-or-service/YcxVxL,,[],YcxVxL
https://marketplace.sshopencloud.eu/tool-or-service/KQur8k,,[],KQur8k
https://marketplace.sshopencloud.eu/tool-or-service/aqIt9V,403.0,['http://www.nooj4nlp.org/'],aqIt9V
https://marketplace.sshopencloud.eu/tool-or-service/Xwl69H,503.0,['http://nb.mit.edu/welcome'],Xwl69H
https://marketplace.sshopencloud.eu/tool-or-service/mW87Mr,,[],mW87Mr
https://marketplace.sshopencloud.eu/tool-or-service/vpS3gp,,[],vpS3gp
https://marketplace.sshopencloud.eu/tool-or-service/yKzsph,403.0,['https://tulengua.iatext.ulpgc.es/number-text/'],yKzsph
https://marketplace.sshopencloud.eu/tool-or-service/L1s8RF,403.0,"['https://www.qsrinternational.com/nvivo-qualitative-data-analysis-software/home', 'https://lumivero.com/products/nvivo/']",L1s8RF
https://marketplace.sshopencloud.eu/tool-or-service/VXHfYH,455.0,['https://odeon.dk/'],VXHfYH
https://marketplace.sshopencloud.eu/tool-or-service/5jMQ6a,500.0,['http://support.pix4d.com/hc/en-us/articles/204272989-Offline-Getting-Started-and-Manual-pdf-'],5jMQ6a
https://marketplace.sshopencloud.eu/tool-or-service/21hiHP,,[],21hiHP
https://marketplace.sshopencloud.eu/tool-or-service/3QBtXR,,[],3QBtXR
https://marketplace.sshopencloud.eu/tool-or-service/NuqPfC,,[],NuqPfC
https://marketplace.sshopencloud.eu/tool-or-service/MHE8cr,503.0,['https://pkp.sfu.ca/ocs/'],MHE8cr
https://marketplace.sshopencloud.eu/tool-or-service/eYiKSt,503.0,['http://openconvert.clarin.inl.nl/openconvert/web/help.html'],eYiKSt
https://marketplace.sshopencloud.eu/tool-or-service/3Lswps,503.0,['https://pkp.sfu.ca/ohs/'],3Lswps
https://marketplace.sshopencloud.eu/tool-or-service/4g9hEL,503.0,['https://pkp.sfu.ca/ojs/'],4g9hEL
https://marketplace.sshopencloud.eu/tool-or-service/svz0V1,408.0,['https://openmethods.dariah.eu/'],svz0V1
https://marketplace.sshopencloud.eu/tool-or-service/y9sDZE,,[],y9sDZE
https://marketplace.sshopencloud.eu/tool-or-service/EKw6Fm,403.0,"['https://meta.wikimedia.org/wiki/Open_Science_for_Arts,_Design_and_Music']",EKw6Fm
https://marketplace.sshopencloud.eu/tool-or-service/g9iZWu,404.0,['http://www.openspace3d.com/lang/en/softwarelogiciel'],g9iZWu
https://marketplace.sshopencloud.eu/tool-or-service/c9sLoW,408.0,['http://www.originlab.com/'],c9sLoW
https://marketplace.sshopencloud.eu/tool-or-service/Q8EqLI,408.0,['http://www.artsrn.ualberta.ca/orlando/'],Q8EqLI
https://marketplace.sshopencloud.eu/tool-or-service/ItGyoe,,[],ItGyoe
https://marketplace.sshopencloud.eu/tool-or-service/7fuSWb,,[],7fuSWb
https://marketplace.sshopencloud.eu/tool-or-service/o5RNOP,503.0,['https://blog.overviewdocs.com/'],o5RNOP
https://marketplace.sshopencloud.eu/tool-or-service/fP7XLW,,[],fP7XLW
https://marketplace.sshopencloud.eu/tool-or-service/SgzA8y,403.0,['https://www.componentsource.com/license/oxygen-xml-editor-enterprise?cc=ca&utm_source=google&utm_medium=cpc&utm_campaign=ga10_ca_en&gclid=EAIaIQobChMIttm0l_ei3gIVlMVkCh3nzw-pEAAYASAAEgLaDvD_BwE'],SgzA8y
https://marketplace.sshopencloud.eu/tool-or-service/HwITJK,503.0,['http://www.pachyforge.org/'],HwITJK
https://marketplace.sshopencloud.eu/tool-or-service/Z8m5V2,,[],Z8m5V2
https://marketplace.sshopencloud.eu/tool-or-service/0CNHsy,403.0,['https://tulengua.iatext.ulpgc.es/buscador-de-palabras/'],0CNHsy
https://marketplace.sshopencloud.eu/tool-or-service/9x0XmY,,[],9x0XmY
https://marketplace.sshopencloud.eu/tool-or-service/fWF3zM,,[],fWF3zM
https://marketplace.sshopencloud.eu/tool-or-service/G2XVZJ,403.0,['https://www.papersapp.com/'],G2XVZJ
https://marketplace.sshopencloud.eu/tool-or-service/pxfwaw,408.0,['http://www.languagelibrary.eu/owl/simple/'],pxfwaw
https://marketplace.sshopencloud.eu/tool-or-service/kG1tuN,,[],kG1tuN
https://marketplace.sshopencloud.eu/tool-or-service/6wZpca,503.0,['http://participad.org/'],6wZpca
https://marketplace.sshopencloud.eu/tool-or-service/oeIlIk,,[],oeIlIk
https://marketplace.sshopencloud.eu/tool-or-service/gF2CjH,,[],gF2CjH
https://marketplace.sshopencloud.eu/tool-or-service/20Uzsv,,[],20Uzsv
https://marketplace.sshopencloud.eu/tool-or-service/Ngli4s,503.0,['https://urls.lab.dariah.pl/'],Ngli4s
https://marketplace.sshopencloud.eu/tool-or-service/qJOq50,,[],qJOq50
https://marketplace.sshopencloud.eu/tool-or-service/yaraiT,404.0,['http://www.ispan.pl/pl/zbiory/zbiory-fotografii-i-rysunkow-pomiarowych'],yaraiT
https://marketplace.sshopencloud.eu/tool-or-service/ftx0Ym,404.0,['http://vcg.isti.cnr.it/piccante/'],ftx0Ym
https://marketplace.sshopencloud.eu/tool-or-service/uwgrun,,[],uwgrun
https://marketplace.sshopencloud.eu/tool-or-service/YoAIOZ,,[],YoAIOZ
https://marketplace.sshopencloud.eu/tool-or-service/QYBkQY,503.0,['https://www.pivotaltracker.com/'],QYBkQY
https://marketplace.sshopencloud.eu/tool-or-service/yDHFPk,,[],yDHFPk
https://marketplace.sshopencloud.eu/tool-or-service/9AZIPP,,[],9AZIPP
https://marketplace.sshopencloud.eu/tool-or-service/RRK5fb,,[],RRK5fb
https://marketplace.sshopencloud.eu/tool-or-service/rlmLKL,,[],rlmLKL
https://marketplace.sshopencloud.eu/tool-or-service/GPju8G,,[],GPju8G
https://marketplace.sshopencloud.eu/tool-or-service/JlBnTe,,[],JlBnTe
https://marketplace.sshopencloud.eu/tool-or-service/8vHU13,403.0,['https://www.praaline.org'],8vHU13
https://marketplace.sshopencloud.eu/tool-or-service/keVWdU,410.0,['https://wp.nyu.edu/exceltextanalysis/visualize-mallet-topics/'],keVWdU
https://marketplace.sshopencloud.eu/tool-or-service/262Y8M,404.0,['http://www.ispan.pl/pl/zbiory/zbiory-fotografii-i-rysunkow-pomiarowych'],262Y8M
https://marketplace.sshopencloud.eu/tool-or-service/ZJRA5G,,[],ZJRA5G
https://marketplace.sshopencloud.eu/tool-or-service/lPByaU,503.0,['https://csvw.lab.dariah.pl/'],lPByaU
https://marketplace.sshopencloud.eu/tool-or-service/4iYxo7,,[],4iYxo7
https://marketplace.sshopencloud.eu/tool-or-service/n6OzHE,,[],n6OzHE
https://marketplace.sshopencloud.eu/tool-or-service/SfMCVf,,[],SfMCVf
https://marketplace.sshopencloud.eu/tool-or-service/NMYNW0,404.0,['https://www.proprofs.com/training/e-learning-authoring/'],NMYNW0
https://marketplace.sshopencloud.eu/tool-or-service/HLpJ1r,,[],HLpJ1r
https://marketplace.sshopencloud.eu/tool-or-service/R9wOYK,,[],R9wOYK
https://marketplace.sshopencloud.eu/tool-or-service/ogL1S0,408.0,['http://oak.conncoll.edu/cohar/Programs.htm'],ogL1S0
https://marketplace.sshopencloud.eu/tool-or-service/ki5rOE,408.0,['https://prospect.unc.edu/'],ki5rOE
https://marketplace.sshopencloud.eu/tool-or-service/UP9oZh,,[],UP9oZh
https://marketplace.sshopencloud.eu/tool-or-service/vjNu2o,,[],vjNu2o
https://marketplace.sshopencloud.eu/tool-or-service/gOzCkF,,[],gOzCkF
https://marketplace.sshopencloud.eu/tool-or-service/VgJbk7,,[],VgJbk7
https://marketplace.sshopencloud.eu/tool-or-service/Dq1LOq,410.0,['https://wp.nyu.edu/exceltextanalysis/python_tools/'],Dq1LOq
https://marketplace.sshopencloud.eu/tool-or-service/wtfizG,,[],wtfizG
https://marketplace.sshopencloud.eu/tool-or-service/pREcqE,403.0,['https://www.quark.com/products/QuarkXPress/'],pREcqE
https://marketplace.sshopencloud.eu/tool-or-service/l4V0tB,,[],l4V0tB
https://marketplace.sshopencloud.eu/tool-or-service/lCuefs,403.0,['https://rapidminer.com/products/studio/'],lCuefs
https://marketplace.sshopencloud.eu/tool-or-service/APQrqt,500.0,['http://dev.restore.ovi.cnr.it:3000/TEAMOVI/Parser/src/master'],APQrqt
https://marketplace.sshopencloud.eu/tool-or-service/tIw5du,500.0,['http://rhizomik.net/html/redefer/rdf2svg-form/'],tIw5du
https://marketplace.sshopencloud.eu/tool-or-service/yWUrg9,,[],yWUrg9
https://marketplace.sshopencloud.eu/tool-or-service/22xMpb,,[],22xMpb
https://marketplace.sshopencloud.eu/tool-or-service/M2Fm5x,,[],M2Fm5x
https://marketplace.sshopencloud.eu/tool-or-service/XZIIVA,,[],XZIIVA
https://marketplace.sshopencloud.eu/tool-or-service/6TiHIo,,[],6TiHIo
https://marketplace.sshopencloud.eu/tool-or-service/oe5uHk,,[],oe5uHk
https://marketplace.sshopencloud.eu/tool-or-service/x6FVpc,408.0,"['https://reinherit-hub.eu/tools/apps', 'https://www.reinherit.eu/']",x6FVpc
https://marketplace.sshopencloud.eu/tool-or-service/KYvSBT,404.0,['http://www.visualdataweb.org/relfinder.php'],KYvSBT
https://marketplace.sshopencloud.eu/tool-or-service/HhRfYW,404.0,['http://www.rescarta.org/index.php/sw/the-toolkit/'],HhRfYW
https://marketplace.sshopencloud.eu/tool-or-service/luKY4Y,,[],luKY4Y
https://marketplace.sshopencloud.eu/tool-or-service/v3ZVaE,503.0,['https://www.roambi.it/en/sap-roambi-flow/'],v3ZVaE
https://marketplace.sshopencloud.eu/tool-or-service/gw4U9U,404.0,['https://vcg.isti.cnr.it/rti/rtiviewer.php'],gw4U9U
https://marketplace.sshopencloud.eu/tool-or-service/vOsAj5,503.0,['https://run.unl.pt/'],vOsAj5
https://marketplace.sshopencloud.eu/tool-or-service/sVXyu9,,[],sVXyu9
https://marketplace.sshopencloud.eu/tool-or-service/qCMyzU,,[],qCMyzU
https://marketplace.sshopencloud.eu/tool-or-service/VP9pEA,500.0,['http://www.saltsoftware.com/'],VP9pEA
https://marketplace.sshopencloud.eu/tool-or-service/JpLXwl,503.0,['https://santa_juana_de_castilla.iatext.ulpgc.es/'],JpLXwl
https://marketplace.sshopencloud.eu/tool-or-service/fLvurA,408.0,"['https://www.uniroma1.it/en/pagina/sapienza-digital-library', 'https://sapienzadigitallibrary.uniroma1.it/']",fLvurA
https://marketplace.sshopencloud.eu/tool-or-service/Acj5c1,502.0,['http://sarit.indology.info/'],Acj5c1
https://marketplace.sshopencloud.eu/tool-or-service/NH8oBr,502.0,['http://sarit.indology.info/'],NH8oBr
https://marketplace.sshopencloud.eu/tool-or-service/cZto2N,408.0,['https://sade.textgrid.de/'],cZto2N
https://marketplace.sshopencloud.eu/tool-or-service/5zppeI,,[],5zppeI
https://marketplace.sshopencloud.eu/tool-or-service/zrJHJm,,[],zrJHJm
https://marketplace.sshopencloud.eu/tool-or-service/OKw4io,,[],OKw4io
https://marketplace.sshopencloud.eu/tool-or-service/s8uozH,,[],s8uozH
https://marketplace.sshopencloud.eu/tool-or-service/bjIJlU,,[],bjIJlU
https://marketplace.sshopencloud.eu/tool-or-service/Rj43Zx,503.0,['https://music-put/lab.dariah.pl/en'],Rj43Zx
https://marketplace.sshopencloud.eu/tool-or-service/yDz0jp,,[],yDz0jp
https://marketplace.sshopencloud.eu/tool-or-service/xPyZYk,,[],xPyZYk
https://marketplace.sshopencloud.eu/tool-or-service/kKf5uE,,[],kKf5uE
https://marketplace.sshopencloud.eu/tool-or-service/N3xaQm,,[],N3xaQm
https://marketplace.sshopencloud.eu/tool-or-service/fAVrGf,503.0,['http://searchteam.com/'],fAVrGf
https://marketplace.sshopencloud.eu/tool-or-service/vxpghE,404.0,['http://www.seasr.org/documentation/example-flows/date-entities-to-simile-timeline/'],vxpghE
https://marketplace.sshopencloud.eu/tool-or-service/zisMdC,404.0,['http://www.seasr.org/documentation/example-flows/flesch-kincaid-readability-test/'],zisMdC
https://marketplace.sshopencloud.eu/tool-or-service/uApJj3,,[],uApJj3
https://marketplace.sshopencloud.eu/tool-or-service/8Mu1oy,,[],8Mu1oy
https://marketplace.sshopencloud.eu/tool-or-service/yhbYeY,,[],yhbYeY
https://marketplace.sshopencloud.eu/tool-or-service/VmnFur,,[],VmnFur
https://marketplace.sshopencloud.eu/tool-or-service/L4CxIG,,[],L4CxIG
https://marketplace.sshopencloud.eu/tool-or-service/VC1CUp,503.0,['https://annotations.lab.dariah.pl/'],VC1CUp
https://marketplace.sshopencloud.eu/tool-or-service/2tOM9b,403.0,['https://www.lexalytics.com/semantria'],2tOM9b
https://marketplace.sshopencloud.eu/tool-or-service/hCfyBr,404.0,['http://www.visualdataweb.org/semlens.php'],hCfyBr
https://marketplace.sshopencloud.eu/tool-or-service/LDP44Q,,[],LDP44Q
https://marketplace.sshopencloud.eu/tool-or-service/kCpaeJ,,[],kCpaeJ
https://marketplace.sshopencloud.eu/tool-or-service/6347j9,503.0,['https://dariahosting.lab.dariah.pl'],6347j9
https://marketplace.sshopencloud.eu/tool-or-service/Vgzld5,503.0,['https://wcss.pl/uslugi/'],Vgzld5
https://marketplace.sshopencloud.eu/tool-or-service/EqS2MZ,,[],EqS2MZ
https://marketplace.sshopencloud.eu/tool-or-service/DKyzrr,,[],DKyzrr
https://marketplace.sshopencloud.eu/tool-or-service/h7aKBK,404.0,['https://shebanq.ancient-data.org/'],h7aKBK
https://marketplace.sshopencloud.eu/tool-or-service/O15t20,202.0,['https://shiny.dracor.org/'],O15t20
https://marketplace.sshopencloud.eu/tool-or-service/1RvNt3,403.0,['http://www.avid.com/sibelius'],1RvNt3
https://marketplace.sshopencloud.eu/tool-or-service/V1U4ws,,[],V1U4ws
https://marketplace.sshopencloud.eu/tool-or-service/0UWFJS,403.0,['https://tulengua.iatext.ulpgc.es/silaba-tonica/'],0UWFJS
https://marketplace.sshopencloud.eu/tool-or-service/yZZGBR,403.0,['https://tulengua.iatext.ulpgc.es/syllables/'],yZZGBR
https://marketplace.sshopencloud.eu/tool-or-service/cKM5kF,,[],cKM5kF
https://marketplace.sshopencloud.eu/tool-or-service/d99l3U,403.0,['https://www.silobreaker.com/'],d99l3U
https://marketplace.sshopencloud.eu/tool-or-service/7o4Zu0,404.0,['http://www.simile-widgets.org/exhibit3/'],7o4Zu0
https://marketplace.sshopencloud.eu/tool-or-service/baro8H,503.0,['http://lightheadsw.com/'],baro8H
https://marketplace.sshopencloud.eu/tool-or-service/vq4rfD,408.0,['https://ricks-apps.com/'],vq4rfD
https://marketplace.sshopencloud.eu/tool-or-service/p5FdXa,503.0,['https://sketch2code.azurewebsites.net/'],p5FdXa
https://marketplace.sshopencloud.eu/tool-or-service/dvk4Oj,,[],dvk4Oj
https://marketplace.sshopencloud.eu/tool-or-service/n6QcPE,404.0,"['https://www.sketchup.com/', 'https://www.sketchup.com/products/sketchup-pro']",n6QcPE
https://marketplace.sshopencloud.eu/tool-or-service/6mERlE,,[],6mERlE
https://marketplace.sshopencloud.eu/tool-or-service/A3MkoH,,[],A3MkoH
https://marketplace.sshopencloud.eu/tool-or-service/bs2yJD,503.0,['https://revije.ff.uni-lj.si/slovenscina2/index'],bs2yJD
https://marketplace.sshopencloud.eu/tool-or-service/J3NYzp,403.0,['https://www.techsmith.com/screen-capture.html'],J3NYzp
https://marketplace.sshopencloud.eu/tool-or-service/QJfG5q,,[],QJfG5q
https://marketplace.sshopencloud.eu/tool-or-service/Q3hDML,,[],Q3hDML
https://marketplace.sshopencloud.eu/tool-or-service/LozblA,408.0,['http://snipshot.com/'],LozblA
https://marketplace.sshopencloud.eu/tool-or-service/yDKQus,,[],yDKQus
https://marketplace.sshopencloud.eu/tool-or-service/34pYcH,403.0,['https://www.ssrn.com/index.cfm/en/'],34pYcH
https://marketplace.sshopencloud.eu/tool-or-service/EZLYqT,,[],EZLYqT
https://marketplace.sshopencloud.eu/tool-or-service/MjU7LX,408.0,['http://sophie2.org/'],MjU7LX
https://marketplace.sshopencloud.eu/tool-or-service/FHje7x,404.0,['https://cdh.unc.edu/uncategorized/knightlab-tools/soundcitejs/'],FHje7x
https://marketplace.sshopencloud.eu/tool-or-service/SKXyni,,[],SKXyni
https://marketplace.sshopencloud.eu/tool-or-service/PUHEda,,[],PUHEda
https://marketplace.sshopencloud.eu/tool-or-service/8b4qz1,,[],8b4qz1
https://marketplace.sshopencloud.eu/tool-or-service/zFu5bU,408.0,['http://www.splitstree.org/'],zFu5bU
https://marketplace.sshopencloud.eu/tool-or-service/y1ojDl,408.0,['https://www.microsoft.com/en-ca/sql-server/sql-server-2017'],y1ojDl
https://marketplace.sshopencloud.eu/tool-or-service/CzWHtv,503.0,['https://conversion-hub.sshopencloud.eu/'],CzWHtv
https://marketplace.sshopencloud.eu/tool-or-service/tsbNWP,,[],tsbNWP
https://marketplace.sshopencloud.eu/tool-or-service/6jw1I7,,[],6jw1I7
https://marketplace.sshopencloud.eu/tool-or-service/U35NcK,503.0,['https://training-toolkit.sshopencloud.eu/'],U35NcK
https://marketplace.sshopencloud.eu/tool-or-service/DxMLwM,503.0,['http://mobisocial.stanford.edu/muse/'],DxMLwM
https://marketplace.sshopencloud.eu/tool-or-service/nLo3YI,408.0,['http://nlp.stanford.edu:8080/sentiment/rntnDemo.html'],nLo3YI
https://marketplace.sshopencloud.eu/tool-or-service/LcpuyC,,[],LcpuyC
https://marketplace.sshopencloud.eu/tool-or-service/VG8sSv,,[],VG8sSv
https://marketplace.sshopencloud.eu/tool-or-service/MQnyM6,,[],MQnyM6
https://marketplace.sshopencloud.eu/tool-or-service/IMqx3Q,,[],IMqx3Q
https://marketplace.sshopencloud.eu/tool-or-service/jewYHA,,[],jewYHA
https://marketplace.sshopencloud.eu/tool-or-service/6Ypavd,,[],6Ypavd
https://marketplace.sshopencloud.eu/tool-or-service/Wg8i9b,,[],Wg8i9b
https://marketplace.sshopencloud.eu/tool-or-service/dOvzkU,403.0,['https://ihpan.edu.pl/en/dariah-lab-en/htr'],dOvzkU
https://marketplace.sshopencloud.eu/tool-or-service/bmGhvI,,[],bmGhvI
https://marketplace.sshopencloud.eu/tool-or-service/bCosM9,,[],bCosM9
https://marketplace.sshopencloud.eu/tool-or-service/0IEAKM,,[],0IEAKM
https://marketplace.sshopencloud.eu/tool-or-service/54Aa5Z,503.0,['http://projects.chass.utoronto.ca/tact/'],54Aa5Z
https://marketplace.sshopencloud.eu/tool-or-service/ALsdjl,,[],ALsdjl
https://marketplace.sshopencloud.eu/tool-or-service/P1HOXP,404.0,['http://www.ispan.pl/pl/zbiory/zbiory-fotografii-i-rysunkow-pomiarowych'],P1HOXP
https://marketplace.sshopencloud.eu/tool-or-service/ZG1ADy,,[],ZG1ADy
https://marketplace.sshopencloud.eu/tool-or-service/f1TYO6,,[],f1TYO6
https://marketplace.sshopencloud.eu/tool-or-service/h2MFPS,,[],h2MFPS
https://marketplace.sshopencloud.eu/tool-or-service/4O5v3t,408.0,['https://tei.nplp.pl/'],4O5v3t
https://marketplace.sshopencloud.eu/tool-or-service/4yI25E,503.0,['https://oxgarage2.tei-c.org'],4yI25E
https://marketplace.sshopencloud.eu/tool-or-service/FUslhS,408.0,['https://tei.nplp.pl/'],FUslhS
https://marketplace.sshopencloud.eu/tool-or-service/VNoucV,,[],VNoucV
https://marketplace.sshopencloud.eu/tool-or-service/GBN8ax,408.0,['http://sentistrength.wlv.ac.uk/TensiStrength.html'],GBN8ax
https://marketplace.sshopencloud.eu/tool-or-service/DToKG9,404.0,['http://www.terrame.org/doku.php'],DToKG9
https://marketplace.sshopencloud.eu/tool-or-service/LJ858d,503.0,['https://textimager.hucompute.org/DDC/'],LJ858d
https://marketplace.sshopencloud.eu/tool-or-service/Rexj3y,,[],Rexj3y
https://marketplace.sshopencloud.eu/tool-or-service/OMusG6,503.0,['http://www.textannotator.texttechnologylab.org/'],OMusG6
https://marketplace.sshopencloud.eu/tool-or-service/FPN0a8,,[],FPN0a8
https://marketplace.sshopencloud.eu/tool-or-service/1jWApX,,[],1jWApX
https://marketplace.sshopencloud.eu/tool-or-service/rfx3wC,,[],rfx3wC
https://marketplace.sshopencloud.eu/tool-or-service/71BVDP,,[],71BVDP
https://marketplace.sshopencloud.eu/tool-or-service/oZRf4m,403.0,['https://www.textfixer.com/'],oZRf4m
https://marketplace.sshopencloud.eu/tool-or-service/OzE4uY,503.0,['https://textimager.hucompute.org/'],OzE4uY
https://marketplace.sshopencloud.eu/tool-or-service/0ESdQp,408.0,['http://textinc.bodleian.ox.ac.uk/'],0ESdQp
https://marketplace.sshopencloud.eu/tool-or-service/oRt1BL,503.0,['https://textualcommunities.org/'],oRt1BL
https://marketplace.sshopencloud.eu/tool-or-service/jDUl7C,,[],jDUl7C
https://marketplace.sshopencloud.eu/tool-or-service/9cUU1j,404.0,['http://www.visualdataweb.org/tfacet.php'],9cUU1j
https://marketplace.sshopencloud.eu/tool-or-service/tecLkr,403.0,['https://repository.dri.ie/catalog/g445rz91w'],tecLkr
https://marketplace.sshopencloud.eu/tool-or-service/Sbol6L,408.0,['https://downsurvey.tchpc.tcd.ie/'],Sbol6L
https://marketplace.sshopencloud.eu/tool-or-service/akqVc6,,[],akqVc6
https://marketplace.sshopencloud.eu/tool-or-service/fHWdoS,,[],fHWdoS
https://marketplace.sshopencloud.eu/tool-or-service/O3Okgg,408.0,['http://oak.conncoll.edu/cohar/Programs.htm'],O3Okgg
https://marketplace.sshopencloud.eu/tool-or-service/Ad6jYS,503.0,['https://thesmapper.lab.dariah.pl'],Ad6jYS
https://marketplace.sshopencloud.eu/tool-or-service/J1QYXd,408.0,"['https://www.umu.se/en/research/infrastructure/visible-speech/', 'https://visp.humlab.umu.se']",J1QYXd
https://marketplace.sshopencloud.eu/tool-or-service/PLq5JS,,[],PLq5JS
https://marketplace.sshopencloud.eu/tool-or-service/o5l7YA,,[],o5l7YA
https://marketplace.sshopencloud.eu/tool-or-service/QskMPk,,[],QskMPk
https://marketplace.sshopencloud.eu/tool-or-service/m4JjiD,,[],m4JjiD
https://marketplace.sshopencloud.eu/tool-or-service/groVAB,500.0,['http://dev.restore.ovi.cnr.it:3000/TEAMOVI/Progetto_2023-OVI'],groVAB
https://marketplace.sshopencloud.eu/tool-or-service/4JB2k3,503.0,['https://music-put/lab.dariah.pl/en'],4JB2k3
https://marketplace.sshopencloud.eu/tool-or-service/PcsYQ3,,[],PcsYQ3
https://marketplace.sshopencloud.eu/tool-or-service/BEtwhY,403.0,['https://amarsagoo.info/tofu/'],BEtwhY
https://marketplace.sshopencloud.eu/tool-or-service/6L2doj,403.0,['http://tokenx.unl.edu/'],6L2doj
https://marketplace.sshopencloud.eu/tool-or-service/RHuSCn,500.0,['http://ws.clarin-pl.eu'],RHuSCn
https://marketplace.sshopencloud.eu/tool-or-service/aEx56M,,[],aEx56M
https://marketplace.sshopencloud.eu/tool-or-service/E6IoDv,,[],E6IoDv
https://marketplace.sshopencloud.eu/tool-or-service/GRrZe9,503.0,['https://www.etrap.eu/research/tracer/'],GRrZe9
https://marketplace.sshopencloud.eu/tool-or-service/fdOZbW,,[],fdOZbW
https://marketplace.sshopencloud.eu/tool-or-service/FVMjiZ,403.0,['https://academic.oup.com/bioinformatics/article-abstract/doi/10.1093/bioinformatics/btx180/3092362/Trainable-Weka-Segmentation-a-machine-learning'],FVMjiZ
https://marketplace.sshopencloud.eu/tool-or-service/eIa3DX,503.0,['http://www.transana.org/'],eIa3DX
https://marketplace.sshopencloud.eu/tool-or-service/kbKuVC,,[],kbKuVC
https://marketplace.sshopencloud.eu/tool-or-service/thiPUs,,[],thiPUs
https://marketplace.sshopencloud.eu/tool-or-service/86S28z,,[],86S28z
https://marketplace.sshopencloud.eu/tool-or-service/Rmpgrr,403.0,['https://www.tumblr.com/'],Rmpgrr
https://marketplace.sshopencloud.eu/tool-or-service/ZK1XjE,,[],ZK1XjE
https://marketplace.sshopencloud.eu/tool-or-service/1HAGn5,,[],1HAGn5
https://marketplace.sshopencloud.eu/tool-or-service/R01r6E,,[],R01r6E
https://marketplace.sshopencloud.eu/tool-or-service/ibIyj4,,[],ibIyj4
https://marketplace.sshopencloud.eu/tool-or-service/0eoKVe,403.0,['https://www.typepad.com/'],0eoKVe
https://marketplace.sshopencloud.eu/tool-or-service/ndgsde,,[],ndgsde
https://marketplace.sshopencloud.eu/tool-or-service/eFbPX7,,[],eFbPX7
https://marketplace.sshopencloud.eu/tool-or-service/byCozV,,[],byCozV
https://marketplace.sshopencloud.eu/tool-or-service/3TFNwQ,503.0,['http://www.umigon.com'],3TFNwQ
https://marketplace.sshopencloud.eu/tool-or-service/8x8Zts,,[],8x8Zts
https://marketplace.sshopencloud.eu/tool-or-service/Nv2yrR,,[],Nv2yrR
https://marketplace.sshopencloud.eu/tool-or-service/Kj3Q3Z,408.0,['https://unity3d.com'],Kj3Q3Z
https://marketplace.sshopencloud.eu/tool-or-service/gRzLmd,503.0,['https://bazawiedzy.uni.opole.pl/'],gRzLmd
https://marketplace.sshopencloud.eu/tool-or-service/ztdUYK,503.0,['http://unlock.edina.ac.uk/text.html'],ztdUYK
https://marketplace.sshopencloud.eu/tool-or-service/wI0P0I,,[],wI0P0I
https://marketplace.sshopencloud.eu/tool-or-service/dAb6yt,,[],dAb6yt
https://marketplace.sshopencloud.eu/tool-or-service/FDZY5v,408.0,['https://uw-mos.neanias.eu'],FDZY5v
https://marketplace.sshopencloud.eu/tool-or-service/qog8DF,404.0,['https://www.texttechnologylab.org/applications/vannotator/'],qog8DF
https://marketplace.sshopencloud.eu/tool-or-service/J9gScG,,[],J9gScG
https://marketplace.sshopencloud.eu/tool-or-service/zp7qjw,503.0,['https://vd-maps.neanias.eu'],zp7qjw
https://marketplace.sshopencloud.eu/tool-or-service/hRe12o,,[],hRe12o
https://marketplace.sshopencloud.eu/tool-or-service/olMsqO,,[],olMsqO
https://marketplace.sshopencloud.eu/tool-or-service/RWd04g,,[],RWd04g
https://marketplace.sshopencloud.eu/tool-or-service/ltHovN,503.0,['http://viseyes.org/visualeyes/'],ltHovN
https://marketplace.sshopencloud.eu/tool-or-service/xIGUZ9,404.0,['https://vcg.isti.cnr.it/vcglib/'],xIGUZ9
https://marketplace.sshopencloud.eu/tool-or-service/E3W6da,403.0,['https://www.visualizefree.com/'],E3W6da
https://marketplace.sshopencloud.eu/tool-or-service/GdYADB,,[],GdYADB
https://marketplace.sshopencloud.eu/tool-or-service/ZRU1fc,,[],ZRU1fc
https://marketplace.sshopencloud.eu/tool-or-service/GPh5uw,,[],GPh5uw
https://marketplace.sshopencloud.eu/tool-or-service/UaSTsT,,[],UaSTsT
https://marketplace.sshopencloud.eu/tool-or-service/zkGQQg,403.0,['https://visual.ly/product/infographic-design'],zkGQQg
https://marketplace.sshopencloud.eu/tool-or-service/3FiXYL,,[],3FiXYL
https://marketplace.sshopencloud.eu/tool-or-service/zzf17f,,[],zzf17f
https://marketplace.sshopencloud.eu/tool-or-service/25grr1,404.0,['https://www.oeaw.ac.at/acdh/tools/vle'],25grr1
https://marketplace.sshopencloud.eu/tool-or-service/nrj5YQ,403.0,['http://www.enchantedlearning.com/wordlist/'],nrj5YQ
https://marketplace.sshopencloud.eu/tool-or-service/OgsZhc,,[],OgsZhc
https://marketplace.sshopencloud.eu/tool-or-service/Fw96G4,408.0,['http://www.vodburner.com/win'],Fw96G4
https://marketplace.sshopencloud.eu/tool-or-service/6VjHXv,,[],6VjHXv
https://marketplace.sshopencloud.eu/tool-or-service/DmehtL,,[],DmehtL
https://marketplace.sshopencloud.eu/tool-or-service/uoiG41,,[],uoiG41
https://marketplace.sshopencloud.eu/tool-or-service/xccpOM,,[],xccpOM
https://marketplace.sshopencloud.eu/tool-or-service/A35rVQ,,[],A35rVQ
https://marketplace.sshopencloud.eu/tool-or-service/Qp189x,,[],Qp189x
https://marketplace.sshopencloud.eu/tool-or-service/mpKLah,408.0,['http://nlp.pwr.wroc.pl/redmine/projects/wcrft/wiki/'],mpKLah
https://marketplace.sshopencloud.eu/tool-or-service/SB6iw9,503.0,['https://www.webcorp.org.uk/live/'],SB6iw9
https://marketplace.sshopencloud.eu/tool-or-service/jf7R4H,503.0,['https://www.webcorp.org.uk/wcx/learn/'],jf7R4H
https://marketplace.sshopencloud.eu/tool-or-service/AyNabq,503.0,['https://www.webcorp.org.uk/wcx/lse/'],AyNabq
https://marketplace.sshopencloud.eu/tool-or-service/vCCqBR,,[],vCCqBR
https://marketplace.sshopencloud.eu/tool-or-service/On1UYN,,[],On1UYN
https://marketplace.sshopencloud.eu/tool-or-service/51oAZT,404.0,['https://weblicht.sfs.uni-tuebingen.de/weblichtwiki/index.php/Main_Page'],51oAZT
https://marketplace.sshopencloud.eu/tool-or-service/nX5dWs,404.0,['https://weblicht.sfs.uni-tuebingen.de/weblichtwiki/index.php/Main_Page'],nX5dWs
https://marketplace.sshopencloud.eu/tool-or-service/wCgmIE,404.0,['https://weblicht.sfs.uni-tuebingen.de/weblichtwiki/index.php/Main_Page'],wCgmIE
https://marketplace.sshopencloud.eu/tool-or-service/tE9W1m,404.0,['https://weblicht.sfs.uni-tuebingen.de/weblichtwiki/index.php/Main_Page'],tE9W1m
https://marketplace.sshopencloud.eu/tool-or-service/p7Dhoj,404.0,['https://weblicht.sfs.uni-tuebingen.de/weblichtwiki/index.php/Main_Page'],p7Dhoj
https://marketplace.sshopencloud.eu/tool-or-service/aYF4BV,404.0,['https://weblicht.sfs.uni-tuebingen.de/weblichtwiki/index.php/Main_Page'],aYF4BV
https://marketplace.sshopencloud.eu/tool-or-service/tlqboO,404.0,['https://weblicht.sfs.uni-tuebingen.de/weblichtwiki/index.php/Main_Page'],tlqboO
https://marketplace.sshopencloud.eu/tool-or-service/bQzeZP,404.0,['https://weblicht.sfs.uni-tuebingen.de/weblichtwiki/index.php/Main_Page'],bQzeZP
https://marketplace.sshopencloud.eu/tool-or-service/kp3jO8,404.0,['https://weblicht.sfs.uni-tuebingen.de/weblichtwiki/index.php/Getting_Started'],kp3jO8
https://marketplace.sshopencloud.eu/tool-or-service/QNXUuS,404.0,['https://weblicht.sfs.uni-tuebingen.de/weblichtwiki/index.php/Main_Page'],QNXUuS
https://marketplace.sshopencloud.eu/tool-or-service/EeAYop,404.0,['https://weblicht.sfs.uni-tuebingen.de/weblichtwiki/index.php/Main_Page'],EeAYop
https://marketplace.sshopencloud.eu/tool-or-service/Fic7R0,404.0,['https://weblicht.sfs.uni-tuebingen.de/weblichtwiki/index.php/Main_Page'],Fic7R0
https://marketplace.sshopencloud.eu/tool-or-service/vayHx6,404.0,['https://weblicht.sfs.uni-tuebingen.de/weblichtwiki/index.php/Main_Page'],vayHx6
https://marketplace.sshopencloud.eu/tool-or-service/yxZvbH,404.0,['https://weblicht.sfs.uni-tuebingen.de/weblichtwiki/index.php/Main_Page'],yxZvbH
https://marketplace.sshopencloud.eu/tool-or-service/Ou130i,404.0,['https://weblicht.sfs.uni-tuebingen.de/weblichtwiki/index.php/Main_Page'],Ou130i
https://marketplace.sshopencloud.eu/tool-or-service/cGWhKh,404.0,['https://weblicht.sfs.uni-tuebingen.de/weblichtwiki/index.php/Main_Page'],cGWhKh
https://marketplace.sshopencloud.eu/tool-or-service/8aKugO,404.0,['https://weblicht.sfs.uni-tuebingen.de/weblichtwiki/index.php/Main_Page'],8aKugO
https://marketplace.sshopencloud.eu/tool-or-service/UVKako,404.0,['https://weblicht.sfs.uni-tuebingen.de/weblichtwiki/index.php/Main_Page'],UVKako
https://marketplace.sshopencloud.eu/tool-or-service/Z5BlVB,404.0,['https://weblicht.sfs.uni-tuebingen.de/weblichtwiki/index.php/Main_Page'],Z5BlVB
https://marketplace.sshopencloud.eu/tool-or-service/MIO0FS,404.0,['https://weblicht.sfs.uni-tuebingen.de/weblichtwiki/index.php/Main_Page'],MIO0FS
https://marketplace.sshopencloud.eu/tool-or-service/rBPdXP,404.0,['https://weblicht.sfs.uni-tuebingen.de/weblichtwiki/index.php/Main_Page'],rBPdXP
https://marketplace.sshopencloud.eu/tool-or-service/MNc9ZD,,[],MNc9ZD
https://marketplace.sshopencloud.eu/tool-or-service/7bWQX8,500.0,['http://www.ebi.ac.uk/webservices/whatizit/info.jsf'],7bWQX8
https://marketplace.sshopencloud.eu/tool-or-service/c47H5C,,[],c47H5C
https://marketplace.sshopencloud.eu/tool-or-service/n6Xnct,408.0,['https://wiggio.com/'],n6Xnct
https://marketplace.sshopencloud.eu/tool-or-service/VCREUv,,[],VCREUv
https://marketplace.sshopencloud.eu/tool-or-service/1KUkU0,403.0,['https://ihpan.edu.pl/en/dariah-lab-en/wikihum'],1KUkU0
https://marketplace.sshopencloud.eu/tool-or-service/BnPDgb,,[],BnPDgb
https://marketplace.sshopencloud.eu/tool-or-service/we07bS,503.0,['http://wikipackit.com/'],we07bS
https://marketplace.sshopencloud.eu/tool-or-service/3xq3oW,,[],3xq3oW
https://marketplace.sshopencloud.eu/tool-or-service/jOJO6j,503.0,['https://www.wiss-ki.eu'],jOJO6j
https://marketplace.sshopencloud.eu/tool-or-service/zST52J,404.0,['https://weblicht.sfs.uni-tuebingen.de/weblichtwiki/index.php/Reading_and_writing_TCF#Consuming_and_producing_linguistic_annotations_from.2Finto_TCF'],zST52J
https://marketplace.sshopencloud.eu/tool-or-service/Aezoqo,408.0,['http://www.wordle.net/'],Aezoqo
https://marketplace.sshopencloud.eu/tool-or-service/4fLWNe,,[],4fLWNe
https://marketplace.sshopencloud.eu/tool-or-service/n4Dv8y,,[],n4Dv8y
https://marketplace.sshopencloud.eu/tool-or-service/Np6zh9,,[],Np6zh9
https://marketplace.sshopencloud.eu/tool-or-service/kZ0MmE,,[],kZ0MmE
https://marketplace.sshopencloud.eu/tool-or-service/QG5eDY,,[],QG5eDY
https://marketplace.sshopencloud.eu/tool-or-service/E0vSw8,,[],E0vSw8
https://marketplace.sshopencloud.eu/tool-or-service/2qgaRK,,[],2qgaRK
https://marketplace.sshopencloud.eu/tool-or-service/YTVCXp,,[],YTVCXp
https://marketplace.sshopencloud.eu/tool-or-service/yByBuy,,[],yByBuy
https://marketplace.sshopencloud.eu/tool-or-service/gVQkgV,,[],gVQkgV
https://marketplace.sshopencloud.eu/tool-or-service/LIG20o,500.0,['https://twitter.com'],LIG20o
https://marketplace.sshopencloud.eu/tool-or-service/D9FrNl,,[],D9FrNl
https://marketplace.sshopencloud.eu/tool-or-service/wxXr7l,408.0,['https://xml-to-teilex-64tb5hoepa-ey.a.run.app/'],wxXr7l
https://marketplace.sshopencloud.eu/tool-or-service/XVVPws,,[],XVVPws
https://marketplace.sshopencloud.eu/tool-or-service/zPGKgM,408.0,['https://xronos.ch/'],zPGKgM
https://marketplace.sshopencloud.eu/tool-or-service/pbTXKn,,[],pbTXKn
https://marketplace.sshopencloud.eu/tool-or-service/xaGUtb,403.0,['http://www.xtranormal.com/'],xaGUtb
https://marketplace.sshopencloud.eu/tool-or-service/nmAJxs,,[],nmAJxs
https://marketplace.sshopencloud.eu/tool-or-service/n1aH79,,[],n1aH79
https://marketplace.sshopencloud.eu/tool-or-service/0OUWht,,[],0OUWht
https://marketplace.sshopencloud.eu/tool-or-service/gNfOzz,,[],gNfOzz
https://marketplace.sshopencloud.eu/tool-or-service/TQlWTL,503.0,['http://ytcomments.klostermann.ca/'],TQlWTL
https://marketplace.sshopencloud.eu/tool-or-service/e4PbnC,,[],e4PbnC
https://marketplace.sshopencloud.eu/tool-or-service/QTWve3,,[],QTWve3
https://marketplace.sshopencloud.eu/tool-or-service/VcpInn,503.0,['http://www.gimranov.com/avram/w/zandy-user-guide'],VcpInn
https://marketplace.sshopencloud.eu/tool-or-service/gIXE5r,,[],gIXE5r
https://marketplace.sshopencloud.eu/tool-or-service/CHiTf9,,[],CHiTf9
https://marketplace.sshopencloud.eu/tool-or-service/NR5Mbp,,[],NR5Mbp
https://marketplace.sshopencloud.eu/publication/NAIc5x,403.0,['http://www.sciencedirect.com/science/article/pii/S0026265X1500288X'],NAIc5x
https://marketplace.sshopencloud.eu/publication/ndFBZ5,503.0,['https://run.unl.pt/handle/10362/155506'],ndFBZ5
https://marketplace.sshopencloud.eu/publication/lUQ0Dd,503.0,['https://pub-prod-sdk.azurewebsites.net/api/file/ba5c52a1-a5f8-429c-8e88-a8a8011a6ac7'],lUQ0Dd
https://marketplace.sshopencloud.eu/publication/U9zNvf,403.0,['https://royalsocietypublishing.org/doi/full/10.1098/rsos.240691'],U9zNvf
https://marketplace.sshopencloud.eu/publication/3cLpxP,503.0,['https://netflixtechblog.com/artwork-personalization-c589f074ad76'],3cLpxP
https://marketplace.sshopencloud.eu/publication/SUYAOS,404.0,['https://core.ac.uk/download/pdf/322485936.pdf'],SUYAOS
https://marketplace.sshopencloud.eu/publication/JFyoI0,403.0,['https://doi.org/10.1080/01639374.2018.1543747'],JFyoI0
https://marketplace.sshopencloud.eu/publication/IfzxQX,403.0,['https://historicengland.org.uk/images-books/publications/bim-for-heritage-aim/heag271-bim-developing-asset-info-model/'],IfzxQX
https://marketplace.sshopencloud.eu/publication/E4crOf,403.0,['https://doi.org/10.1145/3707647'],E4crOf
https://marketplace.sshopencloud.eu/publication/RrLnDO,403.0,['http://dharchive.org/paper/DH2014/Poster-219.xml'],RrLnDO
https://marketplace.sshopencloud.eu/publication/APKz2Y,403.0,['https://www.mdpi.com/2072-4292/11/7/847'],APKz2Y
https://marketplace.sshopencloud.eu/publication/V00zMO,,[],V00zMO
https://marketplace.sshopencloud.eu/publication/SVUy3M,403.0,['https://www.tandfonline.com/doi/full/10.1080/15583058.2023.2199408'],SVUy3M
https://marketplace.sshopencloud.eu/publication/cztkKf,503.0,['http://www.ics.forth.gr/isl/CRMext/CRMdig/docs/CRMdig_v3.2.1.pdf'],cztkKf
https://marketplace.sshopencloud.eu/publication/xidlmW,403.0,['https://pro.europeana.eu/files/Europeana_Professional/Share_your_data/Technical_requirements/EDM_Documentation//EDM_Definition_v5.2.8_102017.pdf'],xidlmW
https://marketplace.sshopencloud.eu/publication/F2gxrR,404.0,['https://dh2018.adho.org/en/__trashed/'],F2gxrR
https://marketplace.sshopencloud.eu/publication/WO5Yxc,503.0,['https://run.unl.pt/handle/10362/144292'],WO5Yxc
https://marketplace.sshopencloud.eu/publication/Y7QMdD,503.0,"['https://fc.cab.unipd.it/fedora/objects/o:6785/methods/bdef:Content/get', 'https://vlaamse-erfgoedbibliotheken.be/sites/default/files/bron/1124/athena-digitization-landscape.pdf', 'http://www.athenaeurope.org/getFile.php?id=435']",Y7QMdD
https://marketplace.sshopencloud.eu/publication/MLNrib,403.0,['https://doi.org/10.7551/mitpress/14046.001.0001'],MLNrib
https://marketplace.sshopencloud.eu/publication/onKX46,403.0,['https://pro.europeana.eu/page/edm-documentation'],onKX46
https://marketplace.sshopencloud.eu/publication/5xrohA,503.0,['http://www.meta-net.eu/public_documents/t4me/META-NET-D7.2.4-Final.pdf'],5xrohA
https://marketplace.sshopencloud.eu/publication/VVLgmk,408.0,['https://doi.org/10.5944/rhd.vol.6.2021.27371'],VVLgmk
https://marketplace.sshopencloud.eu/publication/27enGK,404.0,['http://dh2013.unl.edu/abstracts/ab-248.html'],27enGK
https://marketplace.sshopencloud.eu/publication/bAp5Xk,408.0,['https://publications.cnr.it/doc/84684'],bAp5Xk
https://marketplace.sshopencloud.eu/publication/ib7qZp,403.0,['https://onlinelibrary.wiley.com/doi/abs/10.1002/9780470106310.fmatter'],ib7qZp
https://marketplace.sshopencloud.eu/publication/kuXejS,503.0,['https://gioqoso.irisa.fr/'],kuXejS
https://marketplace.sshopencloud.eu/publication/y16eQO,503.0,['http://hdl.handle.net/10362/135784'],y16eQO
https://marketplace.sshopencloud.eu/publication/WkwYup,403.0,['http://ec.europa.eu/research/participants/data/ref/h2020/grants_manual/hi/oa_pilot/h2020-hi-oa-data-mgt_en.pdf'],WkwYup
https://marketplace.sshopencloud.eu/publication/ZfbzVS,404.0,['http://dasish.eu/publications/projectreports/DASISH_D6.5_februar_2015.pdf'],ZfbzVS
https://marketplace.sshopencloud.eu/publication/UcPZW4,,[],UcPZW4
https://marketplace.sshopencloud.eu/publication/b7tb9u,403.0,['https://dl.acm.org/doi/10.1145/3594724'],b7tb9u
https://marketplace.sshopencloud.eu/publication/vQojSJ,503.0,['http://www.minervaeurope.org/publications/MINERVAeC%20IPR%20Guide_final1.pdf'],vQojSJ
https://marketplace.sshopencloud.eu/publication/KZAW1u,403.0,['https://onlinelibrary.wiley.com/doi/abs/10.1002/9781119961284.ch2'],KZAW1u
https://marketplace.sshopencloud.eu/publication/e8LnOf,408.0,['http://www.europeana-photography.eu/getFile.php?id=298'],e8LnOf
https://marketplace.sshopencloud.eu/publication/1znZRN,,[],1znZRN
https://marketplace.sshopencloud.eu/publication/ILZeyq,202.0,['https://brill.com/display/title/38948'],ILZeyq
https://marketplace.sshopencloud.eu/publication/82wUm4,,[],82wUm4
https://marketplace.sshopencloud.eu/publication/talYrs,403.0,['https://folk.uib.no/hnooh/mufi/'],talYrs
https://marketplace.sshopencloud.eu/publication/rZd0d1,404.0,['https://www.metamorfoze.nl/sites/default/files/publicatie_documenten/Metamorfoze_Preservation_Imaging_Guidelines_1.0.pdf'],rZd0d1
https://marketplace.sshopencloud.eu/publication/wAZNtd,503.0,['http://www.meta-net.eu/public_documents/t4me/META-NET-D6.1.1-Final.pdf'],wAZNtd
https://marketplace.sshopencloud.eu/publication/dY5S7K,403.0,['http://pro.europeana.eu/files/Europeana_Professional/Projects/Project_list/Europeana_Cloud/Deliverables/D5.1%20Minimum%20requirements%20for%20the%20cloud.pdf'],dY5S7K
https://marketplace.sshopencloud.eu/publication/vwL2JV,408.0,['https://iris.polito.it/handle/11583/2675486#.XOLD7KbgpAY'],vwL2JV
https://marketplace.sshopencloud.eu/publication/NaJZ2r,403.0,['http://www.sciencedirect.com/science/article/pii/S0026265X15001617'],NaJZ2r
https://marketplace.sshopencloud.eu/publication/XlIx5o,404.0,['https://glamlabs.io/books/open-a-glam-lab/'],XlIx5o
https://marketplace.sshopencloud.eu/publication/FJclVV,403.0,"['https://meta.wikimedia.org/wiki/Open_Science_for_Arts,_Design_and_Music/Guidelines', 'https://meta.wikimedia.org/wiki/File:Open_Science_for_Arts,_Design_and_Music_-_Guidelines_for_Researchers,_Librarians_and_Practitioners_in_the_Humanities.pdf']",FJclVV
https://marketplace.sshopencloud.eu/publication/hBYjt6,403.0,['https://en.wikipedia.org/w/index.php?title=PLY_(file_format)&oldid=842574812'],hBYjt6
https://marketplace.sshopencloud.eu/publication/DEJXgJ,,[],DEJXgJ
https://marketplace.sshopencloud.eu/publication/GMx0ey,408.0,['https://zenodo.org/records/8190485'],GMx0ey
https://marketplace.sshopencloud.eu/publication/P053op,,[],P053op
https://marketplace.sshopencloud.eu/publication/NSRKsT,408.0,['https://zenodo.org/doi/10.5281/zenodo.7576675'],NSRKsT
https://marketplace.sshopencloud.eu/publication/GMhV0h,,[],GMhV0h
https://marketplace.sshopencloud.eu/publication/Xo6GPy,408.0,['https://pubs.rsc.org/en/content/articlelanding/2001/an/b008302j'],Xo6GPy
https://marketplace.sshopencloud.eu/publication/RUnDjT,404.0,['http://dasish.eu/publications/projectreports/D6.1_final.pdf'],RUnDjT
https://marketplace.sshopencloud.eu/publication/rnQT1H,403.0,['http://dl.psnc.pl/activities/projekty/impact/results/'],rnQT1H
https://marketplace.sshopencloud.eu/publication/ItGGpV,403.0,['https://doi.org/10.1177/0165551520950246'],ItGGpV
https://marketplace.sshopencloud.eu/publication/BsAGhA,503.0,['https://run.unl.pt/handle/10362/135562'],BsAGhA
https://marketplace.sshopencloud.eu/publication/H56uhw,500.0,['http://pubman.mpdl.mpg.de/pubman/item/escidoc:1454694:11/component/escidoc:1478393/VanUytvanck_LREC_2012.pdf'],H56uhw
https://marketplace.sshopencloud.eu/publication/tM6Plw,,[],tM6Plw
https://marketplace.sshopencloud.eu/publication/aA9s9k,,[],aA9s9k
https://marketplace.sshopencloud.eu/publication/GAHPSX,404.0,['http://www.tei-c.org/Guidelines/Customization/odds.xml'],GAHPSX
https://marketplace.sshopencloud.eu/publication/XHVh0v,408.0,['http://www.conservation-us.org/resources/our-publications/special-projects/the-aic-guide#.WON542iLSUk'],XHVh0v
https://marketplace.sshopencloud.eu/publication/bSAnwZ,202.0,['https://brill.com/view/journals/rdj/3/1/article-p55_55.xml'],bSAnwZ
https://marketplace.sshopencloud.eu/publication/QyVRx2,403.0,['https://www.force11.org/group/fairgroup/fairprinciples'],QyVRx2
https://marketplace.sshopencloud.eu/publication/7rX6ht,403.0,['https://onlinelibrary.wiley.com/doi/abs/10.1002/jrs.4042'],7rX6ht
https://marketplace.sshopencloud.eu/publication/0YAsul,403.0,['https://en.wikipedia.org/w/index.php?title=Topography&oldid=878186846'],0YAsul
https://marketplace.sshopencloud.eu/publication/fdMovq,403.0,['http://dharchive.org/paper/DH2014/Poster-775.xml'],fdMovq
https://marketplace.sshopencloud.eu/publication/FztYXh,403.0,['http://www.chem.ucl.ac.uk/resources/raman/'],FztYXh
https://marketplace.sshopencloud.eu/publication/ASw9Gs,403.0,['http://doi.wiley.com/10.1002/%28SICI%291097-4539%28200001/02%2929%3A1%3C73%3A%3AAID-XRS416%3E3.0.CO%3B2-M'],ASw9Gs
https://marketplace.sshopencloud.eu/publication/9d7KXn,503.0,['https://run.unl.pt/handle/10362/155504'],9d7KXn
https://marketplace.sshopencloud.eu/publication/mEJZfx,404.0,['http://dh2013.unl.edu/abstracts/workshops-004.html'],mEJZfx
https://marketplace.sshopencloud.eu/training-material/T3JbA2,408.0,['http://vcg.isti.cnr.it/3dhop/howto.php'],T3JbA2
https://marketplace.sshopencloud.eu/training-material/L8gAnu,403.0,['https://knowledge.autodesk.com/support/3ds-max/learn'],L8gAnu
https://marketplace.sshopencloud.eu/training-material/EA5lqo,403.0,['http://doi.org/10.18352/lq.10303'],EA5lqo
https://marketplace.sshopencloud.eu/training-material/K1hv2u,408.0,['https://blog.wikimedia.pt/2022/02/08/ciclo-de-webinarios-em-colaboracao-com-o-arquivo-pt/'],K1hv2u
https://marketplace.sshopencloud.eu/training-material/7flsPB,,[],7flsPB
https://marketplace.sshopencloud.eu/training-material/1NAa0u,408.0,['https://training.gesis.org/?site=pOverview&amp;cat=Workshop'],1NAa0u
https://marketplace.sshopencloud.eu/training-material/Br9umD,404.0,['http://hdl.handle.net/20.500.11752/OPEN-537.'],Br9umD
https://marketplace.sshopencloud.eu/training-material/9pz8lK,408.0,['https://doi.org/10.5281/zenodo.5003933'],9pz8lK
https://marketplace.sshopencloud.eu/training-material/Isstkn,408.0,['https://blog.wikimedia.pt/2022/02/08/ciclo-de-webinarios-em-colaboracao-com-o-arquivo-pt/'],Isstkn
https://marketplace.sshopencloud.eu/training-material/hK2pU8,404.0,['https://www.inasp.info/publications/authoraid-training-trainers-toolkit'],hK2pU8
https://marketplace.sshopencloud.eu/training-material/4E1K3J,403.0,['http://www.bertforhumanists.org/'],4E1K3J
https://marketplace.sshopencloud.eu/training-material/BlOXOG,,[],BlOXOG
https://marketplace.sshopencloud.eu/training-material/yoiCvh,,[],yoiCvh
https://marketplace.sshopencloud.eu/training-material/Cl13GY,403.0,"['https://osf.io/vwprx/', 'https://meta.wikimedia.org/wiki/Open_Science_for_Arts,_Design_and_Music/Training/Creative_Commons_and_Open_Science_for_Arts,_Design_and_Music']",Cl13GY
https://marketplace.sshopencloud.eu/training-material/64AamP,408.0,['https://www.icpsr.umich.edu/web/instructors/biblio/resources'],64AamP
https://marketplace.sshopencloud.eu/training-material/AMEuDQ,404.0,['https://programminghistorian.org/en/lessons/data_wrangling_and_management_in_R'],AMEuDQ
https://marketplace.sshopencloud.eu/training-material/q2Hj4u,404.0,['https://ddialliance.org/Specification/DDI-Codebook/2.5/'],q2Hj4u
https://marketplace.sshopencloud.eu/training-material/URKxhi,403.0,['https://www.futurelearn.com/courses/delivering-research-data-management-services'],URKxhi
https://marketplace.sshopencloud.eu/training-material/pyoNBN,503.0,['https://www.australasiapreserves.org/p/digital-preservation-essentials.html'],pyoNBN
https://marketplace.sshopencloud.eu/training-material/i8yRJ7,503.0,['https://mantra.edina.ac.uk/libtraining.html#profiles'],i8yRJ7
https://marketplace.sshopencloud.eu/training-material/Vvmh0X,403.0,['https://doi.org/10.7486/DRI.1z410h71k'],Vvmh0X
https://marketplace.sshopencloud.eu/training-material/Cv4peO,403.0,['https://doi.org/10.7486/DRI.4168n731n'],Cv4peO
https://marketplace.sshopencloud.eu/training-material/VQ2Fu4,408.0,['https://datasupport.researchdata.nl/en/'],VQ2Fu4
https://marketplace.sshopencloud.eu/training-material/osj5eq,403.0,['http://onlinelibrary.wiley.com/doi/10.1111/1475-4754.00119/pdf'],osj5eq
https://marketplace.sshopencloud.eu/training-material/nKVtCH,202.0,['https://figshare.com/articles/FAIR_from_the_perspective_of_the_Humanities_V2_pptx/8342585'],nKVtCH
https://marketplace.sshopencloud.eu/training-material/boHuNa,,[],boHuNa
https://marketplace.sshopencloud.eu/training-material/JEAkUR,503.0,['https://www.fosteropenscience.eu/node/472'],JEAkUR
https://marketplace.sshopencloud.eu/training-material/hp3uU1,408.0,['https://zenodo.org/record/5785253#.YfED6vuZOMp'],hp3uU1
https://marketplace.sshopencloud.eu/training-material/15HvTn,500.0,['https://btb-wn.webclark.org/drills-home.html'],15HvTn
https://marketplace.sshopencloud.eu/training-material/VPdzpB,404.0,['https://www.universiteitleiden.nl/binaries/content/assets/sociale-wetenschappen/pedagogische-wetenschappen/ethiek-commissie/gedragscodes/guidelines-for-the-archiving-of-academic-research-for-faculties-of-bss.pdf'],VPdzpB
https://marketplace.sshopencloud.eu/training-material/aPcclG,403.0,['https://ec.europa.eu/research/participants/data/ref/h2020/grants_manual/hi/oa_pilot/h2020-hi-oa-data-mgt_en.pdf'],aPcclG
https://marketplace.sshopencloud.eu/training-material/Tyk16S,404.0,['http://teic.github.io/TCW/howtoGenerate.html'],Tyk16S
https://marketplace.sshopencloud.eu/training-material/wLOXl4,503.0,['https://www.fosteropenscience.eu/node/2547'],wLOXl4
https://marketplace.sshopencloud.eu/training-material/UO7YG4,503.0,['https://www.fosteropenscience.eu/node/2547'],UO7YG4
https://marketplace.sshopencloud.eu/training-material/8UL2qb,503.0,['https://www.fosteropenscience.eu/node/2598'],8UL2qb
https://marketplace.sshopencloud.eu/training-material/ah39Px,404.0,['http://teic.github.io/TCW/purifyDoc.html'],ah39Px
https://marketplace.sshopencloud.eu/training-material/9DzLqE,404.0,['https://www.edx.org/course/human-rights-the-rights-of-refugees'],9DzLqE
https://marketplace.sshopencloud.eu/training-material/43g6ub,404.0,['https://corpora.uni-hamburg.de/hzsk/en/corpus-hosting'],43g6ub
https://marketplace.sshopencloud.eu/training-material/7f6NM6,503.0,['https://notebook.learn.eosc-synergy.eu/hub/login'],7f6NM6
https://marketplace.sshopencloud.eu/training-material/MjRmYA,,[],MjRmYA
https://marketplace.sshopencloud.eu/training-material/chddDV,404.0,['http://teic.github.io/TCW/pureODDtutorial.html'],chddDV
https://marketplace.sshopencloud.eu/training-material/a26F4V,503.0,['https://phil.openedx.uzh.ch/courses/course-v1:PHIL+ReLDI102+2018/about'],a26F4V
https://marketplace.sshopencloud.eu/training-material/IUwIQL,,[],IUwIQL
https://marketplace.sshopencloud.eu/training-material/aXXytE,404.0,['https://programminghistorian.org/en/lessons/website-api'],aXXytE
https://marketplace.sshopencloud.eu/training-material/BGqToO,,[],BGqToO
https://marketplace.sshopencloud.eu/training-material/C8YaoS,408.0,['https://doi.org/10.5281/zenodo.4778352'],C8YaoS
https://marketplace.sshopencloud.eu/training-material/iVxAFC,,[],iVxAFC
https://marketplace.sshopencloud.eu/training-material/V6qPg4,,[],V6qPg4
https://marketplace.sshopencloud.eu/training-material/8fB3tu,408.0,['https://forschungsdaten.info/fdm-im-deutschsprachigen-raum/schweiz/rdm-projects/grundlagenwissen-forschungsdatenmanagement-open-research-data/'],8fB3tu
https://marketplace.sshopencloud.eu/training-material/7G5df8,403.0,['http://journals.sagepub.com/doi/pdf/10.1366/0003702011952398'],7G5df8
https://marketplace.sshopencloud.eu/training-material/VWPVgc,503.0,['http://essedunet.nsd.uib.no/cms/topics/latentvar/'],VWPVgc
https://marketplace.sshopencloud.eu/training-material/mcJsQv,404.0,['https://dam.ukdataservice.ac.uk/media/604552/linking-external-business-data-to-ons-business-data.pdf'],mcJsQv
https://marketplace.sshopencloud.eu/training-material/2f5Srs,503.0,['http://essedunet.nsd.uib.no/cms/topics/measurement/'],2f5Srs
https://marketplace.sshopencloud.eu/training-material/0KWrTa,403.0,['https://www.futurelearn.com/courses/delivering-research-data-management-services'],0KWrTa
https://marketplace.sshopencloud.eu/training-material/VKz2s9,408.0,['http://pubs.rsc.org/en/Content/ArticleLanding/2015/JA/C5JA00150A#!divAbstract'],VKz2s9
https://marketplace.sshopencloud.eu/training-material/gJEv9p,503.0,['http://essedunet.nsd.uib.no/cms/topics/multilevel/'],gJEv9p
https://marketplace.sshopencloud.eu/training-material/ZV6GEg,403.0,['https://www.britishmuseum.org/pdf/charisma-multispectral-imaging-manual-2013.pdf'],ZV6GEg
https://marketplace.sshopencloud.eu/training-material/o2U7A8,408.0,['https://blog.wikimedia.pt/2022/02/08/ciclo-de-webinarios-em-colaboracao-com-o-arquivo-pt/'],o2U7A8
https://marketplace.sshopencloud.eu/training-material/BvZp6o,,[],BvZp6o
https://marketplace.sshopencloud.eu/training-material/KHQlFg,404.0,['http://teic.github.io/TCW/howtoChain.html'],KHQlFg
https://marketplace.sshopencloud.eu/training-material/NyYMER,202.0,['https://doi.org/10.6084/m9.figshare.7358471'],NyYMER
https://marketplace.sshopencloud.eu/training-material/90ekdY,403.0,['https://en.wikiversity.org/wiki/OpenRefine_to_Wikibase:_Data_Upload_Pipeline'],90ekdY
https://marketplace.sshopencloud.eu/training-material/psJ3NN,404.0,['https://www.openaire.eu/item/open-science-and-research-results-exploitation-friends-or-foes'],psJ3NN
https://marketplace.sshopencloud.eu/training-material/bAHTYH,503.0,['https://www.fosteropenscience.eu/content/open-science-training-handbook'],bAHTYH
https://marketplace.sshopencloud.eu/training-material/F66lMH,403.0,['https://www.open.edu/openlearncreate/course/view.php?id=3980'],F66lMH
https://marketplace.sshopencloud.eu/training-material/0Wbz4B,403.0,['https://www.open.edu/openlearncreate/course/view.php?id=5865'],0Wbz4B
https://marketplace.sshopencloud.eu/training-material/vIDwpr,403.0,['https://www.open.edu/openlearncreate/course/view.php?id=5865'],vIDwpr
https://marketplace.sshopencloud.eu/training-material/dd7Ij6,403.0,['https://doi.org/10.7486/DRI.9w03fs89x'],dd7Ij6
https://marketplace.sshopencloud.eu/training-material/OaPRwg,503.0,['https://delad.ruhosting.nl/wordpress/dpia-role-play-with-video/'],OaPRwg
https://marketplace.sshopencloud.eu/training-material/8jjfIZ,,[],8jjfIZ
https://marketplace.sshopencloud.eu/training-material/1D14lx,408.0,"['https://www.youtube.com/watch?v=sKf7eaEQfzY', 'https://freevideolectures.com/course/4741/nptel-medical-image-analysis/12']",1D14lx
https://marketplace.sshopencloud.eu/training-material/Hiuold,404.0,['http://www.dcc.ac.uk/training/rdm-librarians'],Hiuold
https://marketplace.sshopencloud.eu/training-material/shZ4jG,503.0,['http://essedunet.nsd.uib.no/cms/topics/regression/'],shZ4jG
https://marketplace.sshopencloud.eu/training-material/wN2a8B,404.0,['https://www.lcrdm.nl/files/lcrdm/2020-04/RDM%20and%20Costs_v20160218_EN.pdf'],wN2a8B
https://marketplace.sshopencloud.eu/training-material/KGVQVk,404.0,['https://www.jisc.ac.uk/guides/rdm-toolkit'],KGVQVk
https://marketplace.sshopencloud.eu/training-material/5oNjQE,404.0,['https://doi.org/10.51417/rdm_001'],5oNjQE
https://marketplace.sshopencloud.eu/training-material/hoq5H6,403.0,['http://dx.doi.org/10.1080/01406720500036786'],hoq5H6
https://marketplace.sshopencloud.eu/training-material/jGU6jJ,404.0,['https://www.edx.org/course/scratch-programming-for-teachers'],jGU6jJ
https://marketplace.sshopencloud.eu/training-material/faP5Gg,503.0,['https://drive.learn.eosc-synergy.eu/login'],faP5Gg
https://marketplace.sshopencloud.eu/training-material/zCbWHn,403.0,['https://doi.org/10.1002/jrs.2447'],zCbWHn
https://marketplace.sshopencloud.eu/training-material/bfq78r,202.0,['https://doi.org/10.17862/cranfield.rd.c.4080161'],bfq78r
https://marketplace.sshopencloud.eu/training-material/1NgBq5,503.0,['http://www.timescapes.leeds.ac.uk/assets/files/archive/Timescapes-Anonymisation-Guidelines-18Aug08.doc'],1NgBq5
https://marketplace.sshopencloud.eu/training-material/m6qr2d,,[],m6qr2d
https://marketplace.sshopencloud.eu/training-material/dmu38j,503.0,['https://www.fosteropenscience.eu/node/2570'],dmu38j
https://marketplace.sshopencloud.eu/training-material/tvlt9k,408.0,['https://doi.org/10.5281/zenodo.4071470'],tvlt9k
https://marketplace.sshopencloud.eu/training-material/fQELh9,404.0,['https://www.cessda.eu/Training/Training-Resources/Library/Training-Packages/Train-the-Trainers'],fQELh9
https://marketplace.sshopencloud.eu/training-material/DYykZw,401.0,"['https://www.cessda.eu/Training-Resources/Resource-crd-2625', 'https://dmeg.cessda.eu/ttt']",DYykZw
https://marketplace.sshopencloud.eu/training-material/K7qEbf,403.0,['https://blog.sketchfab.com/category/tutorial/'],K7qEbf
https://marketplace.sshopencloud.eu/training-material/x2s4Sb,408.0,['https://unity3d.com/fr/learn/tutorials'],x2s4Sb
https://marketplace.sshopencloud.eu/training-material/L4b13R,404.0,['https://www.openaire.eu/use-cases'],L4b13R
https://marketplace.sshopencloud.eu/training-material/11rJyB,403.0,['https://doi.org/10.7486/DRI.w663hs16k'],11rJyB
https://marketplace.sshopencloud.eu/training-material/xgDxxi,403.0,['https://doi.org/10.7486/DRI.r4958772q'],xgDxxi
https://marketplace.sshopencloud.eu/training-material/dSMIXZ,403.0,['https://doi.org/10.7486/DRI.bg25n363c'],dSMIXZ
https://marketplace.sshopencloud.eu/training-material/Hbk48D,,[],Hbk48D
https://marketplace.sshopencloud.eu/training-material/kg02LG,408.0,['https://corli.huma-num.fr/faq/comment-utiliser-la-plateforme-inception/'],kg02LG
https://marketplace.sshopencloud.eu/training-material/3eXNVj,503.0,['https://vc.learn.eosc-synergy.eu/'],3eXNVj
https://marketplace.sshopencloud.eu/training-material/CquCGk,408.0,['http://hdl.handle.net/20.500.12325/120'],CquCGk
https://marketplace.sshopencloud.eu/training-material/p79B8x,404.0,['https://wp.uni-passau.de/kulturgut3d/rti-shooting-log-vorlage/'],p79B8x
https://marketplace.sshopencloud.eu/training-material/fIN2Ll,503.0,['https://api.wikiwho.net/api'],fIN2Ll
https://marketplace.sshopencloud.eu/training-material/GiIgWE,408.0,['https://doi.org/10.5281/zenodo.3894370'],GiIgWE
https://marketplace.sshopencloud.eu/training-material/FG045X,500.0,['https://btb-wn.webclark.org/meaningGame.html'],FG045X
https://marketplace.sshopencloud.eu/workflow/W2DT4S,,[],W2DT4S
https://marketplace.sshopencloud.eu/workflow/rnzX2P,,[],rnzX2P
https://marketplace.sshopencloud.eu/workflow/t5egrF,,[],t5egrF
https://marketplace.sshopencloud.eu/workflow/t5egrF,,[],t5egrF
https://marketplace.sshopencloud.eu/workflow/kZ89VR,,[],kZ89VR
https://marketplace.sshopencloud.eu/workflow/EMOhIS,,[],EMOhIS
https://marketplace.sshopencloud.eu/workflow/IKmlfZ,,[],IKmlfZ
https://marketplace.sshopencloud.eu/workflow/gDzIoY,,[],gDzIoY
https://marketplace.sshopencloud.eu/workflow/e83QVN,408.0,['https://arkeogis.org/manual/'],e83QVN
https://marketplace.sshopencloud.eu/workflow/G6ck4w,,[],G6ck4w
https://marketplace.sshopencloud.eu/workflow/sS4gSB,,[],sS4gSB
https://marketplace.sshopencloud.eu/workflow/8cEPOb,,[],8cEPOb
https://marketplace.sshopencloud.eu/workflow/I3JvP6,,[],I3JvP6
https://marketplace.sshopencloud.eu/workflow/tE2HiC,,[],tE2HiC
https://marketplace.sshopencloud.eu/workflow/67KJnp,,[],67KJnp
https://marketplace.sshopencloud.eu/workflow/spYQUP,,[],spYQUP
https://marketplace.sshopencloud.eu/workflow/bKefY4,,[],bKefY4
https://marketplace.sshopencloud.eu/workflow/9bQPbB,,[],9bQPbB
https://marketplace.sshopencloud.eu/workflow/tYY6xe,404.0,"['https://canevas.hypotheses.org/', 'https://celluloid.huma-num.fr/']",tYY6xe
https://marketplace.sshopencloud.eu/workflow/4qFarh,,[],4qFarh
https://marketplace.sshopencloud.eu/workflow/b6Ydkk,,[],b6Ydkk
https://marketplace.sshopencloud.eu/workflow/yLX6Bd,,[],yLX6Bd
https://marketplace.sshopencloud.eu/workflow/kUNuK1,,[],kUNuK1
https://marketplace.sshopencloud.eu/workflow/tiGKsD,,[],tiGKsD
https://marketplace.sshopencloud.eu/workflow/jwXEoZ,,[],jwXEoZ
https://marketplace.sshopencloud.eu/workflow/JZzB9K,,[],JZzB9K
https://marketplace.sshopencloud.eu/workflow/GAvmqk,,[],GAvmqk
https://marketplace.sshopencloud.eu/workflow/7hmAJB,,[],7hmAJB
https://marketplace.sshopencloud.eu/workflow/0BLi83,,[],0BLi83
https://marketplace.sshopencloud.eu/workflow/UE7RM6,,[],UE7RM6
https://marketplace.sshopencloud.eu/workflow/pig9Nt,,[],pig9Nt
https://marketplace.sshopencloud.eu/workflow/qYzKVU,,[],qYzKVU
https://marketplace.sshopencloud.eu/workflow/u5s9Qb,,[],u5s9Qb
https://marketplace.sshopencloud.eu/workflow/hmGpmv,,[],hmGpmv
https://marketplace.sshopencloud.eu/workflow/YHAnKE,,[],YHAnKE
https://marketplace.sshopencloud.eu/workflow/n10z7a,,[],n10z7a
https://marketplace.sshopencloud.eu/workflow/Isqpbc,,[],Isqpbc
https://marketplace.sshopencloud.eu/workflow/DMJlzG,,[],DMJlzG
https://marketplace.sshopencloud.eu/workflow/x1hL0m,,[],x1hL0m
https://marketplace.sshopencloud.eu/workflow/P0siWJ,,[],P0siWJ
https://marketplace.sshopencloud.eu/workflow/WQv9Vq,,[],WQv9Vq
https://marketplace.sshopencloud.eu/workflow/UjIDC5,,[],UjIDC5
https://marketplace.sshopencloud.eu/workflow/72GFTr,,[],72GFTr
https://marketplace.sshopencloud.eu/workflow/MHwO4l,,[],MHwO4l
https://marketplace.sshopencloud.eu/workflow/aPcdYU,,[],aPcdYU
https://marketplace.sshopencloud.eu/workflow/g8u3sb,,[],g8u3sb
https://marketplace.sshopencloud.eu/workflow/q2Z2Lo,,[],q2Z2Lo
https://marketplace.sshopencloud.eu/workflow/Rk2rrS,,[],Rk2rrS
https://marketplace.sshopencloud.eu/workflow/tZ636O,,[],tZ636O
https://marketplace.sshopencloud.eu/workflow/XQspOg,,[],XQspOg
https://marketplace.sshopencloud.eu/workflow/MRkIZE,,[],MRkIZE
https://marketplace.sshopencloud.eu/workflow/CQs4bw,,[],CQs4bw
https://marketplace.sshopencloud.eu/workflow/LPSGUk,,[],LPSGUk
https://marketplace.sshopencloud.eu/workflow/ctyv0s,,[],ctyv0s
https://marketplace.sshopencloud.eu/workflow/B3V0jJ,,[],B3V0jJ
https://marketplace.sshopencloud.eu/workflow/vnmhfC,,[],vnmhfC
https://marketplace.sshopencloud.eu/workflow/Jj3UU9,,[],Jj3UU9
https://marketplace.sshopencloud.eu/workflow/8rCpD4,,[],8rCpD4
https://marketplace.sshopencloud.eu/workflow/UVbKn2,,[],UVbKn2
https://marketplace.sshopencloud.eu/workflow/yStoh2,,[],yStoh2
https://marketplace.sshopencloud.eu/workflow/0xSpVP,,[],0xSpVP
https://marketplace.sshopencloud.eu/workflow/KA7wQ5,,[],KA7wQ5
https://marketplace.sshopencloud.eu/workflow/pVVLop,,[],pVVLop
https://marketplace.sshopencloud.eu/workflow/hftgNX,,[],hftgNX
https://marketplace.sshopencloud.eu/workflow/6bbu6t,,[],6bbu6t
https://marketplace.sshopencloud.eu/workflow/4TFgdM,,[],4TFgdM
https://marketplace.sshopencloud.eu/workflow/wqeZGu,,[],wqeZGu
https://marketplace.sshopencloud.eu/workflow/3rVKH7,,[],3rVKH7
https://marketplace.sshopencloud.eu/workflow/6NGfcj,,[],6NGfcj
https://marketplace.sshopencloud.eu/dataset/ZUtMM9,408.0,['http://hdl.handle.net/11321/312'],ZUtMM9
https://marketplace.sshopencloud.eu/dataset/lHmlhh,202.0,['https://dataverse.harvard.edu/dataset.xhtml?persistentId=doi:10.7910/DVN/YVN6IW'],lHmlhh
https://marketplace.sshopencloud.eu/dataset/FuSXwX,404.0,['http://urn.fi/urn:nbn:fi:lb-2017092133'],FuSXwX
https://marketplace.sshopencloud.eu/dataset/soZi7a,202.0,['https://dataverse.harvard.edu/dataset.xhtml?persistentId=doi:10.7910/DVN/2YYJ2B'],soZi7a
https://marketplace.sshopencloud.eu/dataset/RKrrsV,202.0,['https://figshare.com/articles/Publication_Power_and_Patronage_On_Inequality_and_Academic_Publishing/4558072/3'],RKrrsV
https://marketplace.sshopencloud.eu/dataset/d8oAFE,500.0,['http://hdl.handle.net/10794/49'],d8oAFE
https://marketplace.sshopencloud.eu/dataset/Hv144S,500.0,['http://hdl.handle.net/10794/50'],Hv144S
https://marketplace.sshopencloud.eu/dataset/JNhBaA,408.0,['http://hdl.handle.net/20.500.14106/2507'],JNhBaA
https://marketplace.sshopencloud.eu/dataset/VzsNU1,202.0,['https://figshare.com/articles/Comparison_chart_of_Vai_script/5398537'],VzsNU1
https://marketplace.sshopencloud.eu/dataset/GtAZXx,408.0,['https://hdl.handle.net/21.11129/0000-000E-75BA-D'],GtAZXx
https://marketplace.sshopencloud.eu/dataset/jnbBnH,408.0,['https://catalog.elra.info/en-us/repository/browse/ELRA-S0413/'],jnbBnH
https://marketplace.sshopencloud.eu/dataset/U3uYBn,408.0,['https://hdl.handle.net/21.11129/0000-000F-FF46-4'],U3uYBn
https://marketplace.sshopencloud.eu/dataset/Gdoa7p,408.0,['https://hdl.handle.net/21.11129/0000-000F-FF42-8'],Gdoa7p
https://marketplace.sshopencloud.eu/dataset/j160n9,408.0,['https://hdl.handle.net/21.11129/0000-000F-FF44-6'],j160n9
https://marketplace.sshopencloud.eu/dataset/pd2HpN,403.0,['https://www.isi.edu/natural-language/download/hansard/'],pd2HpN
https://marketplace.sshopencloud.eu/dataset/F942KH,408.0,['https://www.aminer.org/data'],F942KH
https://marketplace.sshopencloud.eu/dataset/x7mt7F,408.0,['https://zenodo.org/doi/10.5281/zenodo.8369515'],x7mt7F
https://marketplace.sshopencloud.eu/dataset/c1SNtT,202.0,['https://figshare.com/articles/dataset/Ancient_Greek_semantic_annotation_datasets/7882940'],c1SNtT
https://marketplace.sshopencloud.eu/dataset/oe615M,408.0,['http://hdl.handle.net/20.500.14106/1398'],oe615M
https://marketplace.sshopencloud.eu/dataset/hAboZh,408.0,['http://hdl.handle.net/20.500.14106/2561'],hAboZh
https://marketplace.sshopencloud.eu/dataset/ZUlJN1,503.0,['http://socialcomputing.asu.edu/datasets/Twitter'],ZUlJN1
https://marketplace.sshopencloud.eu/dataset/MnOgKu,404.0,['https://arxiv.org/help/bulk_data_s3'],MnOgKu
https://marketplace.sshopencloud.eu/dataset/u11tRS,,[],u11tRS
https://marketplace.sshopencloud.eu/dataset/6XkLyc,500.0,['http://hdl.handle.net/10794/79'],6XkLyc
https://marketplace.sshopencloud.eu/dataset/zZiwux,202.0,['https://figshare.com/articles/Australian_National_Poetry_Anthologies_Poems_and_Poets/4479590'],zZiwux
https://marketplace.sshopencloud.eu/dataset/rIKGLK,401.0,['http://hdl.handle.net/10932/00-0332-BCF9-BE93-5F01-E'],rIKGLK
https://marketplace.sshopencloud.eu/dataset/PODPq9,202.0,['https://dataverse.harvard.edu/dataset.xhtml?persistentId=doi:10.7910/DVN/S84TSX'],PODPq9
https://marketplace.sshopencloud.eu/dataset/0c1JTY,408.0,['http://metashare.ilsp.gr:8080/repository/browse/hungarian-babel/9c27b9d481b611e2892a000c29bfc0d46a94c6ce19b843b3a452b382e2e64832/'],0c1JTY
https://marketplace.sshopencloud.eu/dataset/OzIEdL,500.0,['http://hdl.handle.net/10794/80'],OzIEdL
https://marketplace.sshopencloud.eu/dataset/ZgaQIG,503.0,['https://iwslt2010.fbk.eu/node/27/'],ZgaQIG
https://marketplace.sshopencloud.eu/dataset/Y6GW8k,408.0,['https://hdl.handle.net/21.11129/0000-000D-F8AB-B'],Y6GW8k
https://marketplace.sshopencloud.eu/dataset/0tmf3g,503.0,['http://metashare.nytud.hu/repository/browse/bea-hungarian-spontaneous-speech-database/808c4c306ba911e2aa7c68b599c26a062458e40404d44e4087901b5b720d2765/'],0tmf3g
https://marketplace.sshopencloud.eu/dataset/ZcE9yV,404.0,['https://www.beauty-patterns.org/en/homepage'],ZcE9yV
https://marketplace.sshopencloud.eu/dataset/uQMxot,401.0,['http://hdl.handle.net/10932/00-03FA-9CB0-5E33-8E01-8'],uQMxot
https://marketplace.sshopencloud.eu/dataset/MmSw2z,401.0,['http://hdl.handle.net/10932/00-0332-BD7C-3EF5-0B01-4'],MmSw2z
https://marketplace.sshopencloud.eu/dataset/TCM4HL,500.0,['https://bc.staatsbibliothek-berlin.de/'],TCM4HL
https://marketplace.sshopencloud.eu/dataset/hM5LVo,401.0,['http://hdl.handle.net/10932/00-0332-BD7C-3EF5-0B01-4'],hM5LVo
https://marketplace.sshopencloud.eu/dataset/fx9Hxp,408.0,['http://hdl.handle.net/20.500.14106/2551'],fx9Hxp
https://marketplace.sshopencloud.eu/dataset/XpdZUi,500.0,['http://hdl.handle.net/10794/115'],XpdZUi
https://marketplace.sshopencloud.eu/dataset/NoOVgN,500.0,['http://hdl.handle.net/10794/116'],NoOVgN
https://marketplace.sshopencloud.eu/dataset/eOhjuD,408.0,['https://hdl.handle.net/21.11129/0000-000D-FE57-4'],eOhjuD
https://marketplace.sshopencloud.eu/dataset/DrZ53m,500.0,['http://hdl.handle.net/10794/15'],DrZ53m
https://marketplace.sshopencloud.eu/dataset/Yr3ugm,408.0,['http://hdl.handle.net/20.500.14106/2539'],Yr3ugm
https://marketplace.sshopencloud.eu/dataset/N7SsTk,408.0,['http://hdl.handle.net/20.500.14106/2554'],N7SsTk
https://marketplace.sshopencloud.eu/dataset/szoP51,408.0,['http://hdl.handle.net/11041/sldr000776'],szoP51
https://marketplace.sshopencloud.eu/dataset/fkr8ri,500.0,['http://metashare.elda.org/repository/browse/bulgarian-x-language-parallel-corpus/b8ecf7fe66cd11e281b65cf3fcb88b70394683c3b32549349cf039716e61a92b/'],fkr8ri
https://marketplace.sshopencloud.eu/dataset/bqhkpi,503.0,['https://feuille-federale.unige.ch/'],bqhkpi
https://marketplace.sshopencloud.eu/dataset/xQDTFK,408.0,['https://hdl.handle.net/21.11129/0000-000F-486A-A'],xQDTFK
https://marketplace.sshopencloud.eu/dataset/KB52VK,408.0,['http://hdl.handle.net/20.500.14106/2527'],KB52VK
https://marketplace.sshopencloud.eu/dataset/l4JY5a,408.0,['https://hdl.handle.net/21.11129/0000-000B-D33B-5'],l4JY5a
https://marketplace.sshopencloud.eu/dataset/ymOASc,408.0,['https://hdl.handle.net/21.11129/0000-000B-D33B-5'],ymOASc
https://marketplace.sshopencloud.eu/dataset/DQPDda,408.0,['https://hdl.handle.net/21.11129/0000-000B-D34F-F'],DQPDda
https://marketplace.sshopencloud.eu/dataset/KqhYvT,408.0,['https://hdl.handle.net/21.11129/0000-000B-D378-0'],KqhYvT
https://marketplace.sshopencloud.eu/dataset/uBn7aE,408.0,['https://hdl.handle.net/21.11129/0000-000B-D334-C'],uBn7aE
https://marketplace.sshopencloud.eu/dataset/7laqeY,408.0,['https://hdl.handle.net/21.11129/0000-000B-D37E-A'],7laqeY
https://marketplace.sshopencloud.eu/dataset/NpqFef,408.0,['https://hdl.handle.net/21.11129/0000-000B-D300-6'],NpqFef
https://marketplace.sshopencloud.eu/dataset/voX2Xo,408.0,['https://hdl.handle.net/21.11129/0000-000B-D328-A'],voX2Xo
https://marketplace.sshopencloud.eu/dataset/cTLqVG,408.0,['https://hdl.handle.net/21.11129/0000-000B-D2FE-A'],cTLqVG
https://marketplace.sshopencloud.eu/dataset/ZbQLq2,408.0,['https://hdl.handle.net/21.11129/0000-000D-F934-0'],ZbQLq2
https://marketplace.sshopencloud.eu/dataset/oTBwOX,408.0,['https://doi.org/10.5281/zenodo.821217'],oTBwOX
https://marketplace.sshopencloud.eu/dataset/E7oq3I,202.0,['https://figshare.com/articles/_txtLAB_Contemporary_Novels/2061990/3'],E7oq3I
https://marketplace.sshopencloud.eu/dataset/iH0w5L,408.0,['http://badip.uni-graz.at/it/corpus-lip/descrizione'],iH0w5L
https://marketplace.sshopencloud.eu/dataset/yMXGqj,401.0,['https://hdl.handle.net/1839/00-0000-0000-0021-2A75-B'],yMXGqj
https://marketplace.sshopencloud.eu/dataset/TBqGx8,408.0,['http://hdl.handle.net/20.500.14106/1713'],TBqGx8
https://marketplace.sshopencloud.eu/dataset/Q6h5u8,500.0,['http://metashare.elda.org/repository/browse/corpus-of-contemporary-serbian-newpapers-and-magazines/210858448b2a11e2b539001517144592b76e35aee8794c51bd3016f1e57e765e/'],Q6h5u8
https://marketplace.sshopencloud.eu/dataset/0IFOAF,408.0,['http://hdl.handle.net/20.500.14106/2461'],0IFOAF
https://marketplace.sshopencloud.eu/dataset/lUQoGd,408.0,['http://hdl.handle.net/11297/1-00-0000-0000-0000-0002-2'],lUQoGd
https://marketplace.sshopencloud.eu/dataset/LzYxvM,408.0,['http://hdl.handle.net/11297/1-00-0000-0000-0000-0002-4'],LzYxvM
https://marketplace.sshopencloud.eu/dataset/yWohlq,404.0,['http://r.jyu.fi/AB7'],yWohlq
https://marketplace.sshopencloud.eu/dataset/US7qct,202.0,['https://figshare.com/articles/Corpus_of_German-Language_Fiction_txt_/4524680'],US7qct
https://marketplace.sshopencloud.eu/dataset/q1CXiE,403.0,['https://www.researchgate.net/publication/311674809_Political_Discourse_in_Polish_Internet-Corpus_of_Highly_Emotive_Internet_Discussions'],q1CXiE
https://marketplace.sshopencloud.eu/dataset/D0tGz2,408.0,['http://hdl.handle.net/20.500.14106/2077'],D0tGz2
https://marketplace.sshopencloud.eu/dataset/bOU1Xq,408.0,['http://hdl.handle.net/11297/1-00-0000-0000-0000-0002-6'],bOU1Xq
https://marketplace.sshopencloud.eu/dataset/xIrlJz,202.0,['https://figshare.com/articles/Corpus_of_Soqotri_Oral_Literature/1379832'],xIrlJz
https://marketplace.sshopencloud.eu/dataset/p3jjtJ,408.0,['https://doi.org/10.5281/zenodo.10953240'],p3jjtJ
https://marketplace.sshopencloud.eu/dataset/ztQzEs,408.0,['https://doi.org/10.5281/zenodo.14017181'],ztQzEs
https://marketplace.sshopencloud.eu/dataset/cy8C3p,408.0,['https://zenodo.org/records/15600767'],cy8C3p
https://marketplace.sshopencloud.eu/dataset/cFmxRE,202.0,['https://dataverse.harvard.edu/dataset.xhtml?persistentId=doi:10.7910/DVN/M7AGWJ'],cFmxRE
https://marketplace.sshopencloud.eu/dataset/cGoBRY,503.0,['https://pages.semanticscholar.org/coronavirus-research'],cGoBRY
https://marketplace.sshopencloud.eu/dataset/7UOBMC,408.0,['https://catalog.elra.info/en-us/repository/browse/ELRA-W0033/'],7UOBMC
https://marketplace.sshopencloud.eu/dataset/h4TBzu,503.0,['https://hlt-nlp.fbk.eu/technologies/cripco'],h4TBzu
https://marketplace.sshopencloud.eu/dataset/b46cvi,202.0,['https://dataverse.harvard.edu/dataset.xhtml?persistentId=doi:10.7910/DVN/BJNAPD'],b46cvi
https://marketplace.sshopencloud.eu/dataset/aD7MCP,408.0,['http://catalog.elra.info/en-us/repository/browse/ELRA-M0108/'],aD7MCP
https://marketplace.sshopencloud.eu/dataset/6KKR9N,202.0,['https://dataverse.harvard.edu/dataset.xhtml?persistentId=doi:10.7910/DVN/QOFLEZ'],6KKR9N
https://marketplace.sshopencloud.eu/dataset/Ihk47K,408.0,['http://catalog.elra.info/en-us/repository/browse/ELRA-S0285/'],Ihk47K
https://marketplace.sshopencloud.eu/dataset/DmxICJ,408.0,['http://catalog.elra.info/en-us/repository/browse/ELRA-S0286/'],DmxICJ
https://marketplace.sshopencloud.eu/dataset/dBPI9U,500.0,['http://hdl.handle.net/10794/16'],dBPI9U
https://marketplace.sshopencloud.eu/dataset/4Q8g5m,408.0,['http://hdl.handle.net/20.500.12115/25'],4Q8g5m
https://marketplace.sshopencloud.eu/dataset/moKVsY,202.0,['https://figshare.com/articles/Data_from_HistMapR_Rapid_digitization_of_historical_land-use_maps_in_R/4649854'],moKVsY
https://marketplace.sshopencloud.eu/dataset/ZPOKU5,403.0,['http://www.stat.columbia.edu/~gelman/book/data/'],ZPOKU5
https://marketplace.sshopencloud.eu/dataset/S9tPL4,202.0,['https://dataverse.harvard.edu/dataset.xhtml?persistentId=doi:10.7910/DVN/JMFQT7'],S9tPL4
https://marketplace.sshopencloud.eu/dataset/Mq6FZg,408.0,['https://hdl.handle.net/21.11129/0000-000B-D34C-2'],Mq6FZg
https://marketplace.sshopencloud.eu/dataset/n1lAwD,202.0,['https://dataverse.harvard.edu/dataset.xhtml?persistentId=doi:10.7910/DVN/FMZYFP'],n1lAwD
https://marketplace.sshopencloud.eu/dataset/lcdADw,401.0,['http://hdl.handle.net/10932/00-0332-C35C-4849-7B01-7'],lcdADw
https://marketplace.sshopencloud.eu/dataset/5dSMtm,401.0,['http://hdl.handle.net/10932/00-0332-BE28-4317-5D01-B'],5dSMtm
https://marketplace.sshopencloud.eu/dataset/tXupyI,401.0,['http://hdl.handle.net/10932/00-0332-C68C-5D03-EB01-7'],tXupyI
https://marketplace.sshopencloud.eu/dataset/5XdXZV,401.0,['http://hdl.handle.net/10932/00-0332-D40A-3CEE-B901-4'],5XdXZV
https://marketplace.sshopencloud.eu/dataset/RVcgEq,503.0,['http://corpora.informatik.uni-leipzig.de/de?corpusId=deu_newscrawl_2011'],RVcgEq
https://marketplace.sshopencloud.eu/dataset/D1j8oN,401.0,['http://hdl.handle.net/10932/00-0332-C489-C64D-6D01-9'],D1j8oN
https://marketplace.sshopencloud.eu/dataset/YxwQjv,,[],YxwQjv
https://marketplace.sshopencloud.eu/dataset/pUKcR8,401.0,['http://hdl.handle.net/10932/00-0332-C9D0-78FE-3C01-2'],pUKcR8
https://marketplace.sshopencloud.eu/dataset/PJeLfA,401.0,['http://hdl.handle.net/10932/00-0332-C0BE-562F-C101-E'],PJeLfA
https://marketplace.sshopencloud.eu/dataset/QWEOBa,503.0,['http://lexp.clarin-pl.eu/'],QWEOBa
https://marketplace.sshopencloud.eu/dataset/N51qg7,408.0,['http://hdl.handle.net/20.500.14106/2488'],N51qg7
https://marketplace.sshopencloud.eu/dataset/LNPbk6,403.0,['https://pro.dp.la/developers/bulk-download'],LNPbk6
https://marketplace.sshopencloud.eu/dataset/W0Tx9T,202.0,['https://dataverse.harvard.edu/dataset.xhtml?persistentId=doi:10.7910/DVN/PPD3OO'],W0Tx9T
https://marketplace.sshopencloud.eu/dataset/Ky6kUX,,[],Ky6kUX
https://marketplace.sshopencloud.eu/dataset/Z2Z999,503.0,['http://search.politicalmashup.nl/about.html'],Z2Z999
https://marketplace.sshopencloud.eu/dataset/QEJx5I,503.0,['http://dhbasecamp.humanities.ucla.edu/afamfilm/the-data/use-modify-and-cite-this-data/'],QEJx5I
https://marketplace.sshopencloud.eu/dataset/qf5X9c,404.0,['https://www.uni-potsdam.de/langage/la-bank/ebay.php'],qf5X9c
https://marketplace.sshopencloud.eu/dataset/9XzSg9,401.0,['http://hdl.handle.net/10932/00-0332-C11A-46E1-0001-A'],9XzSg9
https://marketplace.sshopencloud.eu/dataset/gGoMB9,401.0,['http://hdl.handle.net/10932/00-0332-C3A7-393A-8A01-3'],gGoMB9
https://marketplace.sshopencloud.eu/dataset/gHmqKI,401.0,['http://hdl.handle.net/10932/00-0332-C42A-423C-2401-D'],gHmqKI
https://marketplace.sshopencloud.eu/dataset/I6B1VP,202.0,['https://dataverse.harvard.edu/dataset.xhtml?persistentId=doi:10.7910/DVN/R9WAF4'],I6B1VP
https://marketplace.sshopencloud.eu/dataset/P12ByH,404.0,['http://pelcra.pl/hask_en/'],P12ByH
https://marketplace.sshopencloud.eu/dataset/AXDFwM,404.0,['https://aws.amazon.com/datasets/enron-email-data/'],AXDFwM
https://marketplace.sshopencloud.eu/dataset/MngBES,202.0,['https://dataverse.harvard.edu/dataset.xhtml?persistentId=doi:10.7910/DVN/BKVKXJ'],MngBES
https://marketplace.sshopencloud.eu/dataset/dBjoMH,403.0,['https://epistolae.ctl.columbia.edu/home'],dBjoMH
https://marketplace.sshopencloud.eu/dataset/hiuBdr,504.0,['http://metashare.tilde.com/repository/browse/estonian-open-parallel-corpus-2012-estonian-english/1ebafd00a96111e5aa3b001dd8b71c66ec3a43cb0e0f4669b64f85347efd43a7/'],hiuBdr
https://marketplace.sshopencloud.eu/dataset/RabVrn,408.0,['http://opus.lingfil.uu.se/EUbookshop.php'],RabVrn
https://marketplace.sshopencloud.eu/dataset/kubP4q,403.0,"['https://pro.europeana.eu/page/apis', 'https://pro.europeana.eu/page/harvesting-and-downloads']",kubP4q
https://marketplace.sshopencloud.eu/dataset/UGx6UL,408.0,"['https://www.distant-reading.net/eltec/', 'https://github.com/COST-ELTeC/ELTeC', 'https://zenodo.org/communities/eltec/']",UGx6UL
https://marketplace.sshopencloud.eu/dataset/ltyNpb,408.0,['https://catalog.elra.info/en-us/repository/browse/ELRA-S0323/'],ltyNpb
https://marketplace.sshopencloud.eu/dataset/vW8eZ0,408.0,['https://zenodo.org/record/3699172#.XqGphNNKhTY'],vW8eZ0
https://marketplace.sshopencloud.eu/dataset/SntvXe,408.0,['https://catalogue.elra.info/en-us/repository/browse/ELRA-S0489/'],SntvXe
https://marketplace.sshopencloud.eu/dataset/GnCwBY,404.0,['http://hdl.handle.net/11022/0000-0000-A0D3-C'],GnCwBY
https://marketplace.sshopencloud.eu/dataset/57jR4b,202.0,['https://dataverse.harvard.edu/dataset.xhtml?persistentId=doi:10.7910/DVN/5WKTZV'],57jR4b
https://marketplace.sshopencloud.eu/dataset/cRclQu,202.0,['https://dataverse.harvard.edu/dataset.xhtml?persistentId=doi:10.7910/DVN/4ZVSKA'],cRclQu
https://marketplace.sshopencloud.eu/dataset/P2iVM8,202.0,['https://figshare.com/articles/Digital_Humanities_2013_2014_amp_2015_conference_program_data/1482096'],P2iVM8
https://marketplace.sshopencloud.eu/dataset/jN6UTW,202.0,['https://dataverse.harvard.edu/dataset.xhtml?persistentId=doi:10.7910/DVN/QUGW8V'],jN6UTW
https://marketplace.sshopencloud.eu/dataset/G6iKJW,401.0,['http://hdl.handle.net/10932/00-0332-C1B2-A5E3-2A01-D'],G6iKJW
https://marketplace.sshopencloud.eu/dataset/xUzzB5,403.0,['https://fortunoff.aviaryplatform.com/'],xUzzB5
https://marketplace.sshopencloud.eu/dataset/1xsWn4,408.0,['http://hdl.handle.net/20.500.14106/2495'],1xsWn4
https://marketplace.sshopencloud.eu/dataset/mba5Gf,202.0,['https://dataverse.harvard.edu/dataset.xhtml?persistentId=doi:10.7910/DVN/EXPXYT'],mba5Gf
https://marketplace.sshopencloud.eu/dataset/iTaQwi,408.0,['http://hdl.handle.net/20.500.14106/2544'],iTaQwi
https://marketplace.sshopencloud.eu/dataset/bSztiE,408.0,['http://www.sfs.uni-tuebingen.de/GermaNet/'],bSztiE
https://marketplace.sshopencloud.eu/dataset/024JS6,408.0,['https://hdl.handle.net/21.11129/0000-000F-FF48-2'],024JS6
https://marketplace.sshopencloud.eu/dataset/RKB1ve,408.0,['https://hdl.handle.net/21.11129/0000-000F-FF47-3'],RKB1ve
https://marketplace.sshopencloud.eu/dataset/u6FtYr,401.0,['http://hdl.handle.net/10932/00-03BC-7412-E7EA-4101-3'],u6FtYr
https://marketplace.sshopencloud.eu/dataset/t4c6tj,408.0,['http://hdl.handle.net/20.500.14106/2506'],t4c6tj
https://marketplace.sshopencloud.eu/dataset/G4YeiU,404.0,['http://storage.googleapis.com/books/ngrams/books/datasetsv2.html'],G4YeiU
https://marketplace.sshopencloud.eu/dataset/9qtirb,404.0,['https://www.ausnc.org.au/corpora/gcsause'],9qtirb
https://marketplace.sshopencloud.eu/dataset/Utybym,401.0,['http://hdl.handle.net/10932/00-0332-C29F-AE56-C501-7'],Utybym
https://marketplace.sshopencloud.eu/dataset/k0DeuJ,404.0,['http://hdl.handle.net/11022/0000-0000-9D16-7'],k0DeuJ
https://marketplace.sshopencloud.eu/dataset/wXgBwg,503.0,['https://emeritus.library.harvard.edu/open-metadata#Harvard-Library-Bibliographic-Dataset'],wXgBwg
https://marketplace.sshopencloud.eu/dataset/KcBcYq,500.0,['http://hdl.handle.net/10794/26'],KcBcYq
https://marketplace.sshopencloud.eu/dataset/Pp9SCd,408.0,['http://hdl.handle.net/20.500.14106/1477'],Pp9SCd
https://marketplace.sshopencloud.eu/dataset/V33RNt,408.0,['https://hdl.handle.net/21.11129/0000-000B-D379-F'],V33RNt
https://marketplace.sshopencloud.eu/dataset/gvX02w,408.0,['https://zenodo.org/records/6375600'],gvX02w
https://marketplace.sshopencloud.eu/dataset/X7DdNA,408.0,['http://www2.photosau.com/CosMaps/scripts/home.asp'],X7DdNA
https://marketplace.sshopencloud.eu/dataset/akuE7D,408.0,['https://zenodo.org/record/1162386#.XqC2uNNKhTY'],akuE7D
https://marketplace.sshopencloud.eu/dataset/U4Nh5K,202.0,['https://dataverse.harvard.edu/dataset.xhtml?persistentId=doi:10.7910/DVN/D3KFLP'],U4Nh5K
https://marketplace.sshopencloud.eu/dataset/ZVdgoc,500.0,['http://metashare.elda.org/repository/browse/hungarian-broadcast-news-database/99bc21d081b611e2892a000c29bfc0d4d3d173ede2e64475b596aa1857a64541/'],ZVdgoc
https://marketplace.sshopencloud.eu/dataset/PW034D,401.0,['http://clara.nytud.hu/mtsz/run.cgi/first_form'],PW034D
https://marketplace.sshopencloud.eu/dataset/LMpV2G,503.0,['http://metashare.nytud.hu/repository/browse/hungarian-kindergarten-language-corpus/b572a8106ba711e2aa7c68b599c26a06a4db2e695cf94a1cad6bf6793d747d2a/'],LMpV2G
https://marketplace.sshopencloud.eu/dataset/LtY5P8,408.0,['http://metashare.ilsp.gr:8080/repository/browse/hungarian-mrba/92067ce281b611e2892a000c29bfc0d48e6c8e9c745d446a9a64e48ba4c6462d/'],LtY5P8
https://marketplace.sshopencloud.eu/dataset/4PNzzy,403.0,['https://www.researchgate.net/project/JelEsely-Projekt-SIGNificant-Chance-Project'],4PNzzy
https://marketplace.sshopencloud.eu/dataset/XAtM47,500.0,['http://hdl.handle.net/10794/27'],XAtM47
https://marketplace.sshopencloud.eu/dataset/7N7g7b,408.0,['https://zenodo.org/records/10294589'],7N7g7b
https://marketplace.sshopencloud.eu/dataset/DQFk6U,202.0,['https://dataverse.harvard.edu/dataset.xhtml?persistentId=doi:10.7910/DVN/U5HTNJ'],DQFk6U
https://marketplace.sshopencloud.eu/dataset/HsQUS2,202.0,['https://figshare.com/projects/imsdb_movie_scripts/18907'],HsQUS2
https://marketplace.sshopencloud.eu/dataset/PdorJo,403.0,['https://www.sacred-texts.com/'],PdorJo
https://marketplace.sshopencloud.eu/dataset/fXmpdc,500.0,['http://hdl.handle.net/10794/28'],fXmpdc
https://marketplace.sshopencloud.eu/dataset/NFnf5h,404.0,['https://homepages.uni-regensburg.de/~sic07430/'],NFnf5h
https://marketplace.sshopencloud.eu/dataset/dRp8MP,,[],dRp8MP
https://marketplace.sshopencloud.eu/dataset/9itjf5,408.0,['http://hdl.handle.net/11321/57'],9itjf5
https://marketplace.sshopencloud.eu/dataset/XJdiSI,403.0,['http://www.isi.edu/~lerman/downloads/twitter/twitter2010.html'],XJdiSI
https://marketplace.sshopencloud.eu/dataset/ZHkMXX,408.0,['http://hdl.handle.net/21.11115/0000-000B-D4FA-C'],ZHkMXX
https://marketplace.sshopencloud.eu/dataset/HE0Nck,202.0,['https://dataverse.harvard.edu/dataset.xhtml?persistentId=doi:10.7910/DVN/QMLCPD'],HE0Nck
https://marketplace.sshopencloud.eu/dataset/A8VtvH,202.0,['https://dataverse.harvard.edu/dataset.xhtml?persistentId=doi:10.7910/DVN/XHFTUX'],A8VtvH
https://marketplace.sshopencloud.eu/dataset/DG25aA,408.0,['http://hdl.handle.net/20.500.11821/9'],DG25aA
https://marketplace.sshopencloud.eu/dataset/rrrLLF,404.0,['http://www.livones.net/lingua/en'],rrrLLF
https://marketplace.sshopencloud.eu/dataset/CfmjHM,408.0,['https://hdl.handle.net/21.11129/0000-000B-D34E-0'],CfmjHM
https://marketplace.sshopencloud.eu/dataset/RoYzMf,408.0,['http://hdl.handle.net/21.11115/0000-000B-D31A-A'],RoYzMf
https://marketplace.sshopencloud.eu/dataset/fsQrBU,408.0,['http://doi.org/21.11115/0000-000B-D337-9'],fsQrBU
https://marketplace.sshopencloud.eu/dataset/YMGkUE,503.0,['http://www.hdl.handle.net/21.11115/0000-000B-D349-5'],YMGkUE
https://marketplace.sshopencloud.eu/dataset/vaNamC,408.0,['http://metashare.ilsp.gr:8080/repository/browse/manually-aligned-ces-polish-english-parallel-corpus/314b93d26b0011e284b6000423bfd61c36a51e4b609742288e99ba691f07dfdb/'],vaNamC
https://marketplace.sshopencloud.eu/dataset/q39oC0,202.0,['https://dataverse.harvard.edu/dataset.xhtml?persistentId=doi:10.7910/DVN/VWCAON'],q39oC0
https://marketplace.sshopencloud.eu/dataset/8NgoeI,500.0,['http://metashare.elda.org/repository/browse/hungarian-medical-speech-database/76a0c9f881b611e2892a000c29bfc0d4ed0651f675914bb2805e26819a60167d/'],8NgoeI
https://marketplace.sshopencloud.eu/dataset/8dyndf,401.0,['http://hdl.handle.net/10932/00-0372-30C6-B67F-ED01-5'],8dyndf
https://marketplace.sshopencloud.eu/dataset/1wtFEp,408.0,['https://catalog.elra.info/en-us/repository/browse/ELRA-W0023/'],1wtFEp
https://marketplace.sshopencloud.eu/dataset/cwXY70,202.0,['https://doi.org/10.7910/DVN/T4HBA3'],cwXY70
https://marketplace.sshopencloud.eu/dataset/p0j1VZ,503.0,['http://muchmore.dfki.de/resources1.htm'],p0j1VZ
https://marketplace.sshopencloud.eu/dataset/Nd5XWF,500.0,['http://metashare.elda.org/repository/browse/multifunctional-computational-lexicon-of-contemporary-portuguese/23452ca8a35a11e1a404080027e73ea2d0884e62ca8f466fa0f6be6e1e397cd4/'],Nd5XWF
https://marketplace.sshopencloud.eu/dataset/TbTlpk,408.0,['http://metashare.ilsp.gr:8080/repository/browse/musa-multilingual-multimodal-corpus/9f5d29a263c211e29fc5842b2b6a04d7a2d7266c56224f90ae4cb8f4757bf8ed/'],TbTlpk
https://marketplace.sshopencloud.eu/dataset/c4l8OC,404.0,['https://www.nlm.nih.gov/databases/download/CQC.html'],c4l8OC
https://marketplace.sshopencloud.eu/dataset/pEtaoQ,404.0,['https://www.nlm.nih.gov/databases/download/pill_image.html'],pEtaoQ
https://marketplace.sshopencloud.eu/dataset/DGCcZF,202.0,['https://dataverse.harvard.edu/dataset.xhtml?persistentId=doi:10.7910/DVN/VW13KS'],DGCcZF
https://marketplace.sshopencloud.eu/dataset/AcTS97,202.0,['https://figshare.com/articles/Network_symmetry_datasets/11619792'],AcTS97
https://marketplace.sshopencloud.eu/dataset/nsc65o,202.0,['https://dataverse.harvard.edu/dataset.xhtml?persistentId=doi:10.7910/DVN/GMFCTR'],nsc65o
https://marketplace.sshopencloud.eu/dataset/k3bBdY,202.0,['https://dataverse.harvard.edu/dataset.xhtml?persistentId=doi:10.7910/DVN/C10VIQ'],k3bBdY
https://marketplace.sshopencloud.eu/dataset/HFj2Nl,202.0,['https://figshare.com/articles/txtlab_Novel450/2062002/3'],HFj2Nl
https://marketplace.sshopencloud.eu/dataset/1C4lNi,202.0,['https://hcommons.org/deposits/item/hc:26955/'],1C4lNi
https://marketplace.sshopencloud.eu/dataset/VZgKHW,408.0,['https://doi.org/10.5281/zenodo.3257040'],VZgKHW
https://marketplace.sshopencloud.eu/dataset/5E0jCi,408.0,['http://hdl.handle.net/20.500.14106/0701'],5E0jCi
https://marketplace.sshopencloud.eu/dataset/D3mtwF,500.0,['http://hdl.handle.net/10794/25'],D3mtwF
https://marketplace.sshopencloud.eu/dataset/LCzk6q,408.0,['http://opus.lingfil.uu.se/'],LCzk6q
https://marketplace.sshopencloud.eu/dataset/8rkxpq,408.0,['https://www.corpuspages.eu/corpus/about/about'],8rkxpq
https://marketplace.sshopencloud.eu/dataset/UILF1F,408.0,['http://hdl.handle.net/20.500.14106/2021'],UILF1F
https://marketplace.sshopencloud.eu/dataset/V5HWFN,408.0,['https://catalog.elra.info/en-us/repository/browse/ELRA-W0057/'],V5HWFN
https://marketplace.sshopencloud.eu/dataset/qyzcgy,408.0,['http://metashare.ilsp.gr:8080/repository/browse/parallel-wiki-english-german/424504fadc7411e5aa0b00237df3e358380903df1e5642df8582c0a852c36359/'],qyzcgy
https://marketplace.sshopencloud.eu/dataset/1w0WjD,408.0,['http://opus.lingfil.uu.se/ParCor/'],1w0WjD
https://marketplace.sshopencloud.eu/dataset/vJVzqm,404.0,['https://www.oeaw.ac.at/acdh/tools/parlat/'],vJVzqm
https://marketplace.sshopencloud.eu/dataset/4j0B8t,500.0,['http://hdl.handle.net/10794/33'],4j0B8t
https://marketplace.sshopencloud.eu/dataset/askh13,408.0,['http://hdl.handle.net/20.500.14106/2510'],askh13
https://marketplace.sshopencloud.eu/dataset/INH1Py,503.0,['http://www.tycho.iel.unicamp.br/'],INH1Py
https://marketplace.sshopencloud.eu/dataset/UqwPmk,408.0,['http://hdl.handle.net/20.500.14106/2499'],UqwPmk
https://marketplace.sshopencloud.eu/dataset/Y3cTqh,408.0,['http://metashare.ilsp.gr:8080/repository/browse/pelcra-mutlilingual-parallel-corpora-cc-by/f05f0f1c63f111e2bff4525400d76147f9863da9a70143bebd894e55197705a1/'],Y3cTqh
https://marketplace.sshopencloud.eu/dataset/22oRIx,404.0,['http://pelcra.pl/hask_pl/'],22oRIx
https://marketplace.sshopencloud.eu/dataset/1mqXoB,408.0,['https://hdl.handle.net/21.11129/0000-0011-2ACB-A'],1mqXoB
https://marketplace.sshopencloud.eu/dataset/WG5RRB,408.0,['https://hdl.handle.net/21.11129/0000-000E-631E-2'],WG5RRB
https://marketplace.sshopencloud.eu/dataset/QZ8lJy,408.0,['http://hdl.handle.net/20.500.14106/2579'],QZ8lJy
https://marketplace.sshopencloud.eu/dataset/Ld5r1r,408.0,['https://hdl.handle.net/21.11129/0000-000B-D34B-3'],Ld5r1r
https://marketplace.sshopencloud.eu/dataset/AnM36H,408.0,['https://hdl.handle.net/21.11129/0000-000D-F918-0'],AnM36H
https://marketplace.sshopencloud.eu/dataset/ivzYzD,408.0,['https://hdl.handle.net/21.11129/0000-000D-F91F-9'],ivzYzD
https://marketplace.sshopencloud.eu/dataset/Twf5C9,408.0,['https://hdl.handle.net/21.11129/0000-000D-F924-2'],Twf5C9
https://marketplace.sshopencloud.eu/dataset/QJX017,408.0,['https://hdl.handle.net/21.11129/0000-000B-D33C-4'],QJX017
https://marketplace.sshopencloud.eu/dataset/Zk8aNj,408.0,['http://metashare.ilsp.gr:8080/repository/browse/qtleap-corpus-v12/0176c39ae9cd11e4a2aa782bcb074135ba7d767f645a48dca1d50ee3c9504253/'],Zk8aNj
https://marketplace.sshopencloud.eu/dataset/bwXclW,408.0,['http://metashare.ilsp.gr:8080/repository/browse/qtleap-news-corpus/834dfa6ca12a11e6a2aa782bcb074135a731473a10da4b04b0523d389854400d/'],bwXclW
https://marketplace.sshopencloud.eu/dataset/XL2PP6,404.0,['http://opus.nlpl.eu/Tanzil.php'],XL2PP6
https://marketplace.sshopencloud.eu/dataset/ws97rK,202.0,['https://dataverse.harvard.edu/dataset.xhtml?persistentId=doi:10.7910/DVN/KERZQY'],ws97rK
https://marketplace.sshopencloud.eu/dataset/RPdtOi,202.0,['https://dataverse.harvard.edu/dataset.xhtml?persistentId=doi:10.7910/DVN/6ANTB8'],RPdtOi
https://marketplace.sshopencloud.eu/dataset/j7c7oo,404.0,['http://www.reading.ac.uk/internal/appling/corpus.htm'],j7c7oo
https://marketplace.sshopencloud.eu/dataset/jnLHh5,202.0,['https://dataverse.harvard.edu/dataset.xhtml?persistentId=doi:10.7910/DVN/Q8NRTS'],jnLHh5
https://marketplace.sshopencloud.eu/dataset/IXuKEb,408.0,['http://metashare.ilsp.gr:8080/repository/browse/reveal-this-corpus/3d1c4f0e614a11e289f6842b2b6a04d7c69218b49aab4ab78249dd27add9d4a3/'],IXuKEb
https://marketplace.sshopencloud.eu/dataset/jcsxSs,408.0,['https://zenodo.org/record/44547#.XqC29NNKhTY'],jcsxSs
https://marketplace.sshopencloud.eu/dataset/Fb5r4g,401.0,['http://hdl.handle.net/10932/00-03FA-9D9C-4EEA-BB01-7'],Fb5r4g
https://marketplace.sshopencloud.eu/dataset/CalDOA,500.0,['http://hdl.handle.net/10794/5'],CalDOA
https://marketplace.sshopencloud.eu/dataset/LrkKxJ,500.0,['http://hdl.handle.net/10794/36'],LrkKxJ
https://marketplace.sshopencloud.eu/dataset/EmX4NA,404.0,['https://www.linguistics.ucsb.edu/research/santa-barbara-corpus'],EmX4NA
https://marketplace.sshopencloud.eu/dataset/LvHrm1,202.0,['https://figshare.com/articles/Saudi_tweets_dataset/6983006'],LvHrm1
https://marketplace.sshopencloud.eu/dataset/zv1Cal,408.0,['https://zenodo.org/record/200399#.XpoIwVNKjVo'],zv1Cal
https://marketplace.sshopencloud.eu/dataset/AazUaM,202.0,['https://dataverse.harvard.edu/dataset.xhtml?persistentId=doi:10.7910/DVN/DAKZHR'],AazUaM
https://marketplace.sshopencloud.eu/dataset/xidPiD,408.0,['http://metashare.ilsp.gr:8080/repository/browse/south-east-european-parallel-corpus/d200935e67cc11e28a985ef2e4e6c59ef6e70e681f7745a191deeb0b0537e60a/'],xidPiD
https://marketplace.sshopencloud.eu/dataset/yjJyBs,408.0,['http://hdl.handle.net/20.500.14106/2481'],yjJyBs
https://marketplace.sshopencloud.eu/dataset/UOjQEE,500.0,['http://hdl.handle.net/10794/38'],UOjQEE
https://marketplace.sshopencloud.eu/dataset/59dZTN,500.0,['http://metashare.elda.org/repository/browse/simple-portuguese-lexicon/fafce15ccf3011e1a404080027e73ea2bbc3f718cfbf452989472b8f2bd5f392/'],59dZTN
https://marketplace.sshopencloud.eu/dataset/CiKeEZ,503.0,['https://metashare.korpus.sk/repository/browse/slovak-english-parallel-corpus-free/719fe518665b11e2b2e800163e0000784f67c82f54f44ce3b06749baf33bfbd2/'],CiKeEZ
https://marketplace.sshopencloud.eu/dataset/lYgn4o,202.0,['https://dataverse.harvard.edu/dataset.xhtml?persistentId=doi:10.7910/DVN/NFPJAQ'],lYgn4o
https://marketplace.sshopencloud.eu/dataset/28X67T,408.0,['https://zenodo.org/record/1066534#.XqC4o9NKhTY'],28X67T
https://marketplace.sshopencloud.eu/dataset/aSn3Yy,408.0,['https://hdl.handle.net/21.11129/0000-000D-F927-F'],aSn3Yy
https://marketplace.sshopencloud.eu/dataset/8ixgG5,503.0,['http://odds.cs.stonybrook.edu/speech-dataset/'],8ixgG5
https://marketplace.sshopencloud.eu/dataset/kcqkd3,408.0,['http://hdl.handle.net/20.500.14106/2540'],kcqkd3
https://marketplace.sshopencloud.eu/dataset/nBmauX,202.0,['https://dataverse.harvard.edu/dataset.xhtml?persistentId=doi:10.7910/DVN/UA0XBL'],nBmauX
https://marketplace.sshopencloud.eu/dataset/Ywbbhr,202.0,['https://dataverse.harvard.edu/dataset.xhtml?persistentId=doi:10.7910/DVN/OPMFXZ'],Ywbbhr
https://marketplace.sshopencloud.eu/dataset/iKiQFP,202.0,['https://dataverse.harvard.edu/dataset.xhtml?persistentId=doi:10.7910/DVN/3QXX29'],iKiQFP
https://marketplace.sshopencloud.eu/dataset/Tb4jec,202.0,['https://dataverse.harvard.edu/dataset.xhtml?persistentId=doi:10.7910/DVN/FGNBHX'],Tb4jec
https://marketplace.sshopencloud.eu/dataset/AuJKgC,500.0,['http://hdl.handle.net/10794/41'],AuJKgC
https://marketplace.sshopencloud.eu/dataset/HAL8HS,404.0,['https://www.ling.su.se/teckenspr%C3%A5ksresurser/teckenspr%C3%A5kskorpusar/svensk-teckenspr%C3%A5kskorpus'],HAL8HS
https://marketplace.sshopencloud.eu/dataset/3OxLzM,500.0,['http://hdl.handle.net/10794/40'],3OxLzM
https://marketplace.sshopencloud.eu/dataset/uNcuHo,500.0,['http://hdl.handle.net/10794/44'],uNcuHo
https://marketplace.sshopencloud.eu/dataset/uEiM42,404.0,['https://www.ling.su.se/teckenspr%C3%A5ksresurser/teckenspr%C3%A5kskorpusar/korpus-f%C3%B6r-taktilt-teckenspr%C3%A5k'],uEiM42
https://marketplace.sshopencloud.eu/dataset/1UXld8,408.0,['http://u.cs.biu.ac.il/~koppel/BlogCorpus.htm'],1UXld8
https://marketplace.sshopencloud.eu/dataset/1rTur9,202.0,['https://dataverse.harvard.edu/dataset.xhtml?persistentId=doi:10.7910/DVN/T79QZE'],1rTur9
https://marketplace.sshopencloud.eu/dataset/1TrkRA,403.0,['https://digital.lib.hkbu.edu.hk/cepic/about.php'],1TrkRA
https://marketplace.sshopencloud.eu/dataset/fCKnbk,403.0,['https://digital.lib.hkbu.edu.hk/cepic/'],fCKnbk
https://marketplace.sshopencloud.eu/dataset/s5TJr8,404.0,['http://techiaith.cymru/corpora/twitter/?lang=en'],s5TJr8
https://marketplace.sshopencloud.eu/dataset/TsdXJq,408.0,['http://hdl.handle.net/20.500.12115/44'],TsdXJq
https://marketplace.sshopencloud.eu/dataset/zbamPL,202.0,['https://figshare.com/articles/The_Diorisis_Ancient_Greek_Corpus/6187256'],zbamPL
https://marketplace.sshopencloud.eu/dataset/NYtbny,408.0,['http://hdl.handle.net/20.500.14106/2518'],NYtbny
https://marketplace.sshopencloud.eu/dataset/m5immx,408.0,['http://hdl.handle.net/20.500.14106/2468'],m5immx
https://marketplace.sshopencloud.eu/dataset/PPhYj3,408.0,['http://hdl.handle.net/20.500.14106/2081'],PPhYj3
https://marketplace.sshopencloud.eu/dataset/oJcw5Q,403.0,['http://www.cgeh.nl/data#homicide'],oJcw5Q
https://marketplace.sshopencloud.eu/dataset/gsLz06,408.0,['http://hdl.handle.net/20.500.14106/3193'],gsLz06
https://marketplace.sshopencloud.eu/dataset/FxpHTG,408.0,['http://hdl.handle.net/20.500.14106/2531'],FxpHTG
https://marketplace.sshopencloud.eu/dataset/8IAGvj,202.0,['https://dataverse.harvard.edu/dataset.xhtml?persistentId=doi:10.7910/DVN/ERQWPH'],8IAGvj
https://marketplace.sshopencloud.eu/dataset/9m0UGG,408.0,['http://metashare.ilsp.gr:8080/repository/browse/the-naacl-2003-english-romanian-corpus/32d0c7f8dc7311e5aa0b00237df3e358c04f795d2d29477cbd7e46971ebdead6/'],9m0UGG
https://marketplace.sshopencloud.eu/dataset/wcuoGZ,408.0,['http://avis.uib.no/'],wcuoGZ
https://marketplace.sshopencloud.eu/dataset/UFWxFX,408.0,['http://hdl.handle.net/20.500.14106/2562'],UFWxFX
https://marketplace.sshopencloud.eu/dataset/nzoXAH,202.0,['https://doi.org/10.7910/DVN/L4OAKN'],nzoXAH
https://marketplace.sshopencloud.eu/dataset/1lWWWN,408.0,['http://hdl.handle.net/11321/309'],1lWWWN
https://marketplace.sshopencloud.eu/dataset/jbhjJr,408.0,['https://zenodo.org/record/192607#.XqC2LdNKhTY'],jbhjJr
https://marketplace.sshopencloud.eu/dataset/v48WBl,408.0,['https://doi.org/10.5281/zenodo.1490008'],v48WBl
https://marketplace.sshopencloud.eu/dataset/P5GA0G,202.0,['https://dataverse.harvard.edu/dataset.xhtml?persistentId=doi:10.7910/DVN/ZMVANC'],P5GA0G
https://marketplace.sshopencloud.eu/dataset/l6RVoA,404.0,['http://www.share-project.org/special-data-sets.html'],l6RVoA
https://marketplace.sshopencloud.eu/dataset/bFiObD,202.0,['https://dataverse.harvard.edu/dataset.xhtml?persistentId=doi:10.7910/DVN/MUYD7T'],bFiObD
https://marketplace.sshopencloud.eu/dataset/DgPqqD,202.0,['https://dataverse.harvard.edu/dataset.xhtml?persistentId=doi:10.7910/DVN/ZM2MAN'],DgPqqD
https://marketplace.sshopencloud.eu/dataset/dbbACZ,503.0,['http://clara.b.uib.no/fellows/carla-parra-escartin/tris/'],dbbACZ
https://marketplace.sshopencloud.eu/dataset/M2hEHZ,408.0,['http://hdl.handle.net/20.500.14106/2457'],M2hEHZ
https://marketplace.sshopencloud.eu/dataset/9xucJf,408.0,['http://hdl.handle.net/20.500.14106/2462'],9xucJf
https://marketplace.sshopencloud.eu/dataset/l8TXUp,408.0,['http://doi.org/21.11115/0000-000B-D37A-E'],l8TXUp
https://marketplace.sshopencloud.eu/dataset/0tT4J1,202.0,['https://dataverse.harvard.edu/dataset.xhtml?persistentId=doi:10.7910/DVN/3J38FX'],0tT4J1
https://marketplace.sshopencloud.eu/dataset/iKv1J7,202.0,['https://dataverse.harvard.edu/dataset.xhtml?persistentId=doi:10.7910/DVN/MSXKNB'],iKv1J7
https://marketplace.sshopencloud.eu/dataset/MJdcpB,503.0,['http://bionlp.utu.fi/fintreebank.html'],MJdcpB
https://marketplace.sshopencloud.eu/dataset/MOVqeL,408.0,['http://mir.dcs.gla.ac.uk/resources/'],MOVqeL
https://marketplace.sshopencloud.eu/dataset/6Yx5MN,202.0,['https://dataverse.harvard.edu/dataset.xhtml?persistentId=doi:10.7910/DVN/3UXBOJ'],6Yx5MN
https://marketplace.sshopencloud.eu/dataset/YuOZsy,408.0,['http://hdl.handle.net/11234/1-3131'],YuOZsy
https://marketplace.sshopencloud.eu/dataset/qWSKqX,403.0,['http://www.nytud.hu/depts/tlp/uralic/dbases.html'],qWSKqX
https://marketplace.sshopencloud.eu/dataset/2CrJel,503.0,['https://vhaonline.usc.edu/'],2CrJel
https://marketplace.sshopencloud.eu/dataset/MYZJNd,408.0,['https://graphics.cs.wisc.edu/WP/vep/vep-early-modern-drama-collection/'],MYZJNd
https://marketplace.sshopencloud.eu/dataset/VR2Oub,503.0,['https://vesnet.lab.dariah.pl'],VR2Oub
https://marketplace.sshopencloud.eu/dataset/W4bOKD,408.0,['http://voice.univie.ac.at/'],W4bOKD
https://marketplace.sshopencloud.eu/dataset/pp8Tox,500.0,['http://hdl.handle.net/10794/48'],pp8Tox
https://marketplace.sshopencloud.eu/dataset/jveQkU,408.0,['https://zenodo.org/record/5651624'],jveQkU
https://marketplace.sshopencloud.eu/dataset/cHHSTa,202.0,['https://figshare.com/articles/Western_Australia_Character_Books_1850-57_London_convicts_/5977402'],cHHSTa
https://marketplace.sshopencloud.eu/dataset/cYWyOd,503.0,['https://hlt-nlp.fbk.eu/technologies/witac-newsreader-wikinews-italian-corpus'],cYWyOd
https://marketplace.sshopencloud.eu/dataset/ufWCfA,500.0,['http://hdl.handle.net/10794/47'],ufWCfA
https://marketplace.sshopencloud.eu/dataset/HIyZrd,403.0,['http://hdl.handle.net/1969.1/156315'],HIyZrd
https://marketplace.sshopencloud.eu/dataset/jGghYz,408.0,['http://www.korpus-kres.net/'],jGghYz
https://marketplace.sshopencloud.eu/dataset/l8gLBb,403.0,['https://www.yelp.com/dataset'],l8gLBb
https://marketplace.sshopencloud.eu/dataset/xvYQQ4,503.0,['http://odds.cs.stonybrook.edu/yelpchi-dataset/'],xvYQQ4
https://marketplace.sshopencloud.eu/dataset/IdZGtV,503.0,['http://odds.cs.stonybrook.edu/yelpnyc-dataset/'],IdZGtV
https://marketplace.sshopencloud.eu/dataset/OMny6U,503.0,['http://odds.cs.stonybrook.edu/yelpzip-dataset/'],OMny6U
https://marketplace.sshopencloud.eu/dataset/2fTb0q,408.0,['http://hdl.handle.net/20.500.14106/2425'],2fTb0q
https://marketplace.sshopencloud.eu/dataset/CiG4aI,401.0,['http://hdl.handle.net/10932/00-0332-C453-CEDC-B601-2'],CiG4aI
